variant,method,k,seed,category,metric,mean,num_categories,aggregation,uncertainty_scope
crop512_o025_max,dinov2_multi,4,4880,macro,image_auroc,0.6312304455445544,4,category_macro,descriptive_single_support_seed
crop512_o025_max,dinov2_multi,4,4880,pcb1,image_auroc,0.6049,1,within_category,descriptive_single_support_seed
crop512_o025_max,dinov2_multi,4,4880,pcb2,image_auroc,0.6522,1,within_category,descriptive_single_support_seed
crop512_o025_max,dinov2_multi,4,4880,pcb3,image_auroc,0.622970297029703,1,within_category,descriptive_single_support_seed
crop512_o025_max,dinov2_multi,4,4880,pcb4,image_auroc,0.6448514851485149,1,within_category,descriptive_single_support_seed
crop768_o000_max,dinov2_multi,4,4880,macro,image_auroc,0.7169106435643564,4,category_macro,descriptive_single_support_seed
crop768_o000_max,dinov2_multi,4,4880,pcb1,image_auroc,0.6737,1,within_category,descriptive_single_support_seed
crop768_o000_max,dinov2_multi,4,4880,pcb2,image_auroc,0.7282,1,within_category,descriptive_single_support_seed
crop768_o000_max,dinov2_multi,4,4880,pcb3,image_auroc,0.7043564356435643,1,within_category,descriptive_single_support_seed
crop768_o000_max,dinov2_multi,4,4880,pcb4,image_auroc,0.7613861386138614,1,within_category,descriptive_single_support_seed
crop768_o025_mean,dinov2_multi,4,4880,macro,image_auroc,0.8250133663366337,4,category_macro,descriptive_single_support_seed
crop768_o025_mean,dinov2_multi,4,4880,pcb1,image_auroc,0.7493,1,within_category,descriptive_single_support_seed
crop768_o025_mean,dinov2_multi,4,4880,pcb2,image_auroc,0.8261,1,within_category,descriptive_single_support_seed
crop768_o025_mean,dinov2_multi,4,4880,pcb3,image_auroc,0.8631683168316832,1,within_category,descriptive_single_support_seed
crop768_o025_mean,dinov2_multi,4,4880,pcb4,image_auroc,0.8614851485148515,1,within_category,descriptive_single_support_seed
crop768_o050_max,dinov2_multi,4,4880,macro,image_auroc,0.7219383663366337,4,category_macro,descriptive_single_support_seed
crop768_o050_max,dinov2_multi,4,4880,pcb1,image_auroc,0.6645,1,within_category,descriptive_single_support_seed
crop768_o050_max,dinov2_multi,4,4880,pcb2,image_auroc,0.7586,1,within_category,descriptive_single_support_seed
crop768_o050_max,dinov2_multi,4,4880,pcb3,image_auroc,0.7137623762376237,1,within_category,descriptive_single_support_seed
crop768_o050_max,dinov2_multi,4,4880,pcb4,image_auroc,0.7508910891089109,1,within_category,descriptive_single_support_seed
crop512_o025_max,dinov2_multi,4,4880,macro,pixel_auroc,0.9222461273748674,4,category_macro,descriptive_single_support_seed
crop512_o025_max,dinov2_multi,4,4880,pcb1,pixel_auroc,0.9712161000333456,1,within_category,descriptive_single_support_seed
crop512_o025_max,dinov2_multi,4,4880,pcb2,pixel_auroc,0.9202381415105303,1,within_category,descriptive_single_support_seed
crop512_o025_max,dinov2_multi,4,4880,pcb3,pixel_auroc,0.9156751367380694,1,within_category,descriptive_single_support_seed
crop512_o025_max,dinov2_multi,4,4880,pcb4,pixel_auroc,0.8818551312175243,1,within_category,descriptive_single_support_seed
crop768_o000_max,dinov2_multi,4,4880,macro,pixel_auroc,0.9384005191930809,4,category_macro,descriptive_single_support_seed
crop768_o000_max,dinov2_multi,4,4880,pcb1,pixel_auroc,0.9897565198144738,1,within_category,descriptive_single_support_seed
crop768_o000_max,dinov2_multi,4,4880,pcb2,pixel_auroc,0.9447338105753008,1,within_category,descriptive_single_support_seed
crop768_o000_max,dinov2_multi,4,4880,pcb3,pixel_auroc,0.9302175482994561,1,within_category,descriptive_single_support_seed
crop768_o000_max,dinov2_multi,4,4880,pcb4,pixel_auroc,0.8888941980830927,1,within_category,descriptive_single_support_seed
crop768_o025_mean,dinov2_multi,4,4880,macro,pixel_auroc,0.9656295660881494,4,category_macro,descriptive_single_support_seed
crop768_o025_mean,dinov2_multi,4,4880,pcb1,pixel_auroc,0.9952736259146708,1,within_category,descriptive_single_support_seed
crop768_o025_mean,dinov2_multi,4,4880,pcb2,pixel_auroc,0.9689470241375314,1,within_category,descriptive_single_support_seed
crop768_o025_mean,dinov2_multi,4,4880,pcb3,pixel_auroc,0.9685791043157778,1,within_category,descriptive_single_support_seed
crop768_o025_mean,dinov2_multi,4,4880,pcb4,pixel_auroc,0.9297185099846176,1,within_category,descriptive_single_support_seed
crop768_o050_max,dinov2_multi,4,4880,macro,pixel_auroc,0.944886426508951,4,category_macro,descriptive_single_support_seed
crop768_o050_max,dinov2_multi,4,4880,pcb1,pixel_auroc,0.989657646324146,1,within_category,descriptive_single_support_seed
crop768_o050_max,dinov2_multi,4,4880,pcb2,pixel_auroc,0.9518414426266729,1,within_category,descriptive_single_support_seed
crop768_o050_max,dinov2_multi,4,4880,pcb3,pixel_auroc,0.93198429724253,1,within_category,descriptive_single_support_seed
crop768_o050_max,dinov2_multi,4,4880,pcb4,pixel_auroc,0.9060623198424552,1,within_category,descriptive_single_support_seed
crop512_o025_max,dinov2_multi,4,4880,macro,aupro,0.7476661023768474,4,category_macro,descriptive_single_support_seed
crop512_o025_max,dinov2_multi,4,4880,pcb1,aupro,0.7980621095720102,1,within_category,descriptive_single_support_seed
crop512_o025_max,dinov2_multi,4,4880,pcb2,aupro,0.7541281604795883,1,within_category,descriptive_single_support_seed
crop512_o025_max,dinov2_multi,4,4880,pcb3,aupro,0.7107441742299583,1,within_category,descriptive_single_support_seed
crop512_o025_max,dinov2_multi,4,4880,pcb4,aupro,0.7277299652258328,1,within_category,descriptive_single_support_seed
crop768_o000_max,dinov2_multi,4,4880,macro,aupro,0.7957442993859238,4,category_macro,descriptive_single_support_seed
crop768_o000_max,dinov2_multi,4,4880,pcb1,aupro,0.9095209740774413,1,within_category,descriptive_single_support_seed
crop768_o000_max,dinov2_multi,4,4880,pcb2,aupro,0.8208295292750749,1,within_category,descriptive_single_support_seed
crop768_o000_max,dinov2_multi,4,4880,pcb3,aupro,0.7444538821899459,1,within_category,descriptive_single_support_seed
crop768_o000_max,dinov2_multi,4,4880,pcb4,aupro,0.7081728120012332,1,within_category,descriptive_single_support_seed
crop768_o025_mean,dinov2_multi,4,4880,macro,aupro,0.8595770310844605,4,category_macro,descriptive_single_support_seed
crop768_o025_mean,dinov2_multi,4,4880,pcb1,aupro,0.9463168305730812,1,within_category,descriptive_single_support_seed
crop768_o025_mean,dinov2_multi,4,4880,pcb2,aupro,0.8625342043429329,1,within_category,descriptive_single_support_seed
crop768_o025_mean,dinov2_multi,4,4880,pcb3,aupro,0.8452415453957528,1,within_category,descriptive_single_support_seed
crop768_o025_mean,dinov2_multi,4,4880,pcb4,aupro,0.784215544026075,1,within_category,descriptive_single_support_seed
crop768_o050_max,dinov2_multi,4,4880,macro,aupro,0.8188370684553979,4,category_macro,descriptive_single_support_seed
crop768_o050_max,dinov2_multi,4,4880,pcb1,aupro,0.9192008648852309,1,within_category,descriptive_single_support_seed
crop768_o050_max,dinov2_multi,4,4880,pcb2,aupro,0.8516716532914425,1,within_category,descriptive_single_support_seed
crop768_o050_max,dinov2_multi,4,4880,pcb3,aupro,0.7687967164015952,1,within_category,descriptive_single_support_seed
crop768_o050_max,dinov2_multi,4,4880,pcb4,aupro,0.7356790392433231,1,within_category,descriptive_single_support_seed
crop512_o025_max,dinov2_multi,4,4880,macro,aggregate_pixel_f1,0.2490976529697368,4,category_macro,descriptive_single_support_seed
crop512_o025_max,dinov2_multi,4,4880,pcb1,aggregate_pixel_f1,0.527373261202764,1,within_category,descriptive_single_support_seed
crop512_o025_max,dinov2_multi,4,4880,pcb2,aggregate_pixel_f1,0.16285006588794138,1,within_category,descriptive_single_support_seed
crop512_o025_max,dinov2_multi,4,4880,pcb3,aggregate_pixel_f1,0.14192098171413584,1,within_category,descriptive_single_support_seed
crop512_o025_max,dinov2_multi,4,4880,pcb4,aggregate_pixel_f1,0.16424630307410598,1,within_category,descriptive_single_support_seed
crop768_o000_max,dinov2_multi,4,4880,macro,aggregate_pixel_f1,0.2838256849323727,4,category_macro,descriptive_single_support_seed
crop768_o000_max,dinov2_multi,4,4880,pcb1,aggregate_pixel_f1,0.5687952158308321,1,within_category,descriptive_single_support_seed
crop768_o000_max,dinov2_multi,4,4880,pcb2,aggregate_pixel_f1,0.19926665815131778,1,within_category,descriptive_single_support_seed
crop768_o000_max,dinov2_multi,4,4880,pcb3,aggregate_pixel_f1,0.19756828830311696,1,within_category,descriptive_single_support_seed
crop768_o000_max,dinov2_multi,4,4880,pcb4,aggregate_pixel_f1,0.16967257744422393,1,within_category,descriptive_single_support_seed
crop768_o025_mean,dinov2_multi,4,4880,macro,aggregate_pixel_f1,0.32051700090171864,4,category_macro,descriptive_single_support_seed
crop768_o025_mean,dinov2_multi,4,4880,pcb1,aggregate_pixel_f1,0.5663686177969095,1,within_category,descriptive_single_support_seed
crop768_o025_mean,dinov2_multi,4,4880,pcb2,aggregate_pixel_f1,0.2138617962438034,1,within_category,descriptive_single_support_seed
crop768_o025_mean,dinov2_multi,4,4880,pcb3,aggregate_pixel_f1,0.25350617616998333,1,within_category,descriptive_single_support_seed
crop768_o025_mean,dinov2_multi,4,4880,pcb4,aggregate_pixel_f1,0.2483314133961783,1,within_category,descriptive_single_support_seed
crop768_o050_max,dinov2_multi,4,4880,macro,aggregate_pixel_f1,0.2885712101411397,4,category_macro,descriptive_single_support_seed
crop768_o050_max,dinov2_multi,4,4880,pcb1,aggregate_pixel_f1,0.5637667823071082,1,within_category,descriptive_single_support_seed
crop768_o050_max,dinov2_multi,4,4880,pcb2,aggregate_pixel_f1,0.20426166345363136,1,within_category,descriptive_single_support_seed
crop768_o050_max,dinov2_multi,4,4880,pcb3,aggregate_pixel_f1,0.20431284436885613,1,within_category,descriptive_single_support_seed
crop768_o050_max,dinov2_multi,4,4880,pcb4,aggregate_pixel_f1,0.181943550434963,1,within_category,descriptive_single_support_seed
crop512_o025_max,dinov2_multi,4,4880,macro,aggregate_pixel_iou,0.1531528591200549,4,category_macro,descriptive_single_support_seed
crop512_o025_max,dinov2_multi,4,4880,pcb1,aggregate_pixel_iou,0.3581174015850715,1,within_category,descriptive_single_support_seed
crop512_o025_max,dinov2_multi,4,4880,pcb2,aggregate_pixel_iou,0.08864277371386727,1,within_category,descriptive_single_support_seed
crop512_o025_max,dinov2_multi,4,4880,pcb3,aggregate_pixel_iou,0.07638048776045185,1,within_category,descriptive_single_support_seed
crop512_o025_max,dinov2_multi,4,4880,pcb4,aggregate_pixel_iou,0.08947077342082907,1,within_category,descriptive_single_support_seed
crop768_o000_max,dinov2_multi,4,4880,macro,aggregate_pixel_iou,0.17759885607244036,4,category_macro,descriptive_single_support_seed
crop768_o000_max,dinov2_multi,4,4880,pcb1,aggregate_pixel_iou,0.39742405987066676,1,within_category,descriptive_single_support_seed
crop768_o000_max,dinov2_multi,4,4880,pcb2,aggregate_pixel_iou,0.11065861530988544,1,within_category,descriptive_single_support_seed
crop768_o000_max,dinov2_multi,4,4880,pcb3,aggregate_pixel_iou,0.10961207962609473,1,within_category,descriptive_single_support_seed
crop768_o000_max,dinov2_multi,4,4880,pcb4,aggregate_pixel_iou,0.09270066948311455,1,within_category,descriptive_single_support_seed
crop768_o025_mean,dinov2_multi,4,4880,macro,aggregate_pixel_iou,0.20042822697590112,4,category_macro,descriptive_single_support_seed
crop768_o025_mean,dinov2_multi,4,4880,pcb1,aggregate_pixel_iou,0.39505874719801354,1,within_category,descriptive_single_support_seed
crop768_o025_mean,dinov2_multi,4,4880,pcb2,aggregate_pixel_iou,0.11973418170780865,1,within_category,descriptive_single_support_seed
crop768_o025_mean,dinov2_multi,4,4880,pcb3,aggregate_pixel_iou,0.1451514873462597,1,within_category,descriptive_single_support_seed
crop768_o025_mean,dinov2_multi,4,4880,pcb4,aggregate_pixel_iou,0.1417684916515226,1,within_category,descriptive_single_support_seed
crop768_o050_max,dinov2_multi,4,4880,macro,aggregate_pixel_iou,0.18003378021610117,4,category_macro,descriptive_single_support_seed
crop768_o050_max,dinov2_multi,4,4880,pcb1,aggregate_pixel_iou,0.39253150210014,1,within_category,descriptive_single_support_seed
crop768_o050_max,dinov2_multi,4,4880,pcb2,aggregate_pixel_iou,0.11374801066310979,1,within_category,descriptive_single_support_seed
crop768_o050_max,dinov2_multi,4,4880,pcb3,aggregate_pixel_iou,0.11377975485771336,1,within_category,descriptive_single_support_seed
crop768_o050_max,dinov2_multi,4,4880,pcb4,aggregate_pixel_iou,0.10007585324344154,1,within_category,descriptive_single_support_seed
area_cap_010,dinov2_multi_sam2,4,4880,macro,mean_anomaly_mask_f1,0.3105281398746248,4,category_macro,descriptive_single_support_seed
area_cap_010,dinov2_multi_sam2,4,4880,pcb1,mean_anomaly_mask_f1,0.36356844887027656,1,within_category,descriptive_single_support_seed
area_cap_010,dinov2_multi_sam2,4,4880,pcb2,mean_anomaly_mask_f1,0.33661078102485503,1,within_category,descriptive_single_support_seed
area_cap_010,dinov2_multi_sam2,4,4880,pcb3,mean_anomaly_mask_f1,0.27503152084112825,1,within_category,descriptive_single_support_seed
area_cap_010,dinov2_multi_sam2,4,4880,pcb4,mean_anomaly_mask_f1,0.2669018087622393,1,within_category,descriptive_single_support_seed
area_cap_050,dinov2_multi_sam2,4,4880,macro,mean_anomaly_mask_f1,0.3105281398746248,4,category_macro,descriptive_single_support_seed
area_cap_050,dinov2_multi_sam2,4,4880,pcb1,mean_anomaly_mask_f1,0.36356844887027656,1,within_category,descriptive_single_support_seed
area_cap_050,dinov2_multi_sam2,4,4880,pcb2,mean_anomaly_mask_f1,0.33661078102485503,1,within_category,descriptive_single_support_seed
area_cap_050,dinov2_multi_sam2,4,4880,pcb3,mean_anomaly_mask_f1,0.27503152084112825,1,within_category,descriptive_single_support_seed
area_cap_050,dinov2_multi_sam2,4,4880,pcb4,mean_anomaly_mask_f1,0.2669018087622393,1,within_category,descriptive_single_support_seed
area_cap_none,dinov2_multi_sam2,4,4880,macro,mean_anomaly_mask_f1,0.3105281398746248,4,category_macro,descriptive_single_support_seed
area_cap_none,dinov2_multi_sam2,4,4880,pcb1,mean_anomaly_mask_f1,0.36356844887027656,1,within_category,descriptive_single_support_seed
area_cap_none,dinov2_multi_sam2,4,4880,pcb2,mean_anomaly_mask_f1,0.33661078102485503,1,within_category,descriptive_single_support_seed
area_cap_none,dinov2_multi_sam2,4,4880,pcb3,mean_anomaly_mask_f1,0.27503152084112825,1,within_category,descriptive_single_support_seed
area_cap_none,dinov2_multi_sam2,4,4880,pcb4,mean_anomaly_mask_f1,0.2669018087622393,1,within_category,descriptive_single_support_seed
crop512_o025_max,dinov2_multi,4,4880,macro,mean_anomaly_mask_f1,0.2163797784615615,4,category_macro,descriptive_single_support_seed
crop512_o025_max,dinov2_multi,4,4880,pcb1,mean_anomaly_mask_f1,0.2898751562463699,1,within_category,descriptive_single_support_seed
crop512_o025_max,dinov2_multi,4,4880,pcb2,mean_anomaly_mask_f1,0.23138563415063826,1,within_category,descriptive_single_support_seed
crop512_o025_max,dinov2_multi,4,4880,pcb3,mean_anomaly_mask_f1,0.16601640631965467,1,within_category,descriptive_single_support_seed
crop512_o025_max,dinov2_multi,4,4880,pcb4,mean_anomaly_mask_f1,0.1782419171295833,1,within_category,descriptive_single_support_seed
crop768_o000_max,dinov2_multi,4,4880,macro,mean_anomaly_mask_f1,0.25330252679559057,4,category_macro,descriptive_single_support_seed
crop768_o000_max,dinov2_multi,4,4880,pcb1,mean_anomaly_mask_f1,0.34361220408324056,1,within_category,descriptive_single_support_seed
crop768_o000_max,dinov2_multi,4,4880,pcb2,mean_anomaly_mask_f1,0.2606491111209602,1,within_category,descriptive_single_support_seed
crop768_o000_max,dinov2_multi,4,4880,pcb3,mean_anomaly_mask_f1,0.21378830074431948,1,within_category,descriptive_single_support_seed
crop768_o000_max,dinov2_multi,4,4880,pcb4,mean_anomaly_mask_f1,0.1951604912338421,1,within_category,descriptive_single_support_seed
crop768_o025_mean,dinov2_multi,4,4880,macro,mean_anomaly_mask_f1,0.3071986756916415,4,category_macro,descriptive_single_support_seed
crop768_o025_mean,dinov2_multi,4,4880,pcb1,mean_anomaly_mask_f1,0.37436540867078094,1,within_category,descriptive_single_support_seed
crop768_o025_mean,dinov2_multi,4,4880,pcb2,mean_anomaly_mask_f1,0.2873541981528718,1,within_category,descriptive_single_support_seed
crop768_o025_mean,dinov2_multi,4,4880,pcb3,mean_anomaly_mask_f1,0.28636475517624105,1,within_category,descriptive_single_support_seed
crop768_o025_mean,dinov2_multi,4,4880,pcb4,mean_anomaly_mask_f1,0.28071034076667234,1,within_category,descriptive_single_support_seed
crop768_o050_max,dinov2_multi,4,4880,macro,mean_anomaly_mask_f1,0.2634842252047812,4,category_macro,descriptive_single_support_seed
crop768_o050_max,dinov2_multi,4,4880,pcb1,mean_anomaly_mask_f1,0.3454170071577427,1,within_category,descriptive_single_support_seed
crop768_o050_max,dinov2_multi,4,4880,pcb2,mean_anomaly_mask_f1,0.2744168391953592,1,within_category,descriptive_single_support_seed
crop768_o050_max,dinov2_multi,4,4880,pcb3,mean_anomaly_mask_f1,0.22813465553097656,1,within_category,descriptive_single_support_seed
crop768_o050_max,dinov2_multi,4,4880,pcb4,mean_anomaly_mask_f1,0.20596839893504648,1,within_category,descriptive_single_support_seed
fusion_selective,anomaly_consistent_sam2,4,4880,macro,mean_anomaly_mask_f1,0.32630148203204556,4,category_macro,descriptive_single_support_seed
fusion_selective,anomaly_consistent_sam2,4,4880,pcb1,mean_anomaly_mask_f1,0.41346103001240897,1,within_category,descriptive_single_support_seed
fusion_selective,anomaly_consistent_sam2,4,4880,pcb2,mean_anomaly_mask_f1,0.36419350507768017,1,within_category,descriptive_single_support_seed
fusion_selective,anomaly_consistent_sam2,4,4880,pcb3,mean_anomaly_mask_f1,0.30066681697586234,1,within_category,descriptive_single_support_seed
fusion_selective,anomaly_consistent_sam2,4,4880,pcb4,mean_anomaly_mask_f1,0.22688457606223075,1,within_category,descriptive_single_support_seed
fusion_union,anomaly_consistent_sam2,4,4880,macro,mean_anomaly_mask_f1,0.26116422009362955,4,category_macro,descriptive_single_support_seed
fusion_union,anomaly_consistent_sam2,4,4880,pcb1,mean_anomaly_mask_f1,0.3296237747150895,1,within_category,descriptive_single_support_seed
fusion_union,anomaly_consistent_sam2,4,4880,pcb2,mean_anomaly_mask_f1,0.2588932129913904,1,within_category,descriptive_single_support_seed
fusion_union,anomaly_consistent_sam2,4,4880,pcb3,mean_anomaly_mask_f1,0.22743617771556665,1,within_category,descriptive_single_support_seed
fusion_union,anomaly_consistent_sam2,4,4880,pcb4,mean_anomaly_mask_f1,0.22870371495247152,1,within_category,descriptive_single_support_seed
prompt_box,dinov2_multi_sam2,4,4880,macro,mean_anomaly_mask_f1,0.30930051514840484,4,category_macro,descriptive_single_support_seed
prompt_box,dinov2_multi_sam2,4,4880,pcb1,mean_anomaly_mask_f1,0.34938777518987435,1,within_category,descriptive_single_support_seed
prompt_box,dinov2_multi_sam2,4,4880,pcb2,mean_anomaly_mask_f1,0.33353179777331904,1,within_category,descriptive_single_support_seed
prompt_box,dinov2_multi_sam2,4,4880,pcb3,mean_anomaly_mask_f1,0.2778651798689631,1,within_category,descriptive_single_support_seed
prompt_box,dinov2_multi_sam2,4,4880,pcb4,mean_anomaly_mask_f1,0.27641730776146284,1,within_category,descriptive_single_support_seed
prompt_point_box_center,dinov2_multi_sam2,4,4880,macro,mean_anomaly_mask_f1,0.31767813794146105,4,category_macro,descriptive_single_support_seed
prompt_point_box_center,dinov2_multi_sam2,4,4880,pcb1,mean_anomaly_mask_f1,0.38064915013754536,1,within_category,descriptive_single_support_seed
prompt_point_box_center,dinov2_multi_sam2,4,4880,pcb2,mean_anomaly_mask_f1,0.3319507897076782,1,within_category,descriptive_single_support_seed
prompt_point_box_center,dinov2_multi_sam2,4,4880,pcb3,mean_anomaly_mask_f1,0.2802252253421791,1,within_category,descriptive_single_support_seed
prompt_point_box_center,dinov2_multi_sam2,4,4880,pcb4,mean_anomaly_mask_f1,0.2778873865784416,1,within_category,descriptive_single_support_seed
prompt_point_max,dinov2_multi_sam2,4,4880,macro,mean_anomaly_mask_f1,0.07799870474900078,4,category_macro,descriptive_single_support_seed
prompt_point_max,dinov2_multi_sam2,4,4880,pcb1,mean_anomaly_mask_f1,0.06368939553429942,1,within_category,descriptive_single_support_seed
prompt_point_max,dinov2_multi_sam2,4,4880,pcb2,mean_anomaly_mask_f1,0.049710985286195136,1,within_category,descriptive_single_support_seed
prompt_point_max,dinov2_multi_sam2,4,4880,pcb3,mean_anomaly_mask_f1,0.04787956909987164,1,within_category,descriptive_single_support_seed
prompt_point_max,dinov2_multi_sam2,4,4880,pcb4,mean_anomaly_mask_f1,0.15071486907563694,1,within_category,descriptive_single_support_seed
area_cap_010,dinov2_multi_sam2,4,4880,macro,mean_anomaly_mask_iou,0.21073219963989764,4,category_macro,descriptive_single_support_seed
area_cap_010,dinov2_multi_sam2,4,4880,pcb1,mean_anomaly_mask_iou,0.25371836834079997,1,within_category,descriptive_single_support_seed
area_cap_010,dinov2_multi_sam2,4,4880,pcb2,mean_anomaly_mask_iou,0.226947864900154,1,within_category,descriptive_single_support_seed
area_cap_010,dinov2_multi_sam2,4,4880,pcb3,mean_anomaly_mask_iou,0.18829987267332096,1,within_category,descriptive_single_support_seed
area_cap_010,dinov2_multi_sam2,4,4880,pcb4,mean_anomaly_mask_iou,0.17396269264531555,1,within_category,descriptive_single_support_seed
area_cap_050,dinov2_multi_sam2,4,4880,macro,mean_anomaly_mask_iou,0.21073219963989764,4,category_macro,descriptive_single_support_seed
area_cap_050,dinov2_multi_sam2,4,4880,pcb1,mean_anomaly_mask_iou,0.25371836834079997,1,within_category,descriptive_single_support_seed
area_cap_050,dinov2_multi_sam2,4,4880,pcb2,mean_anomaly_mask_iou,0.226947864900154,1,within_category,descriptive_single_support_seed
area_cap_050,dinov2_multi_sam2,4,4880,pcb3,mean_anomaly_mask_iou,0.18829987267332096,1,within_category,descriptive_single_support_seed
area_cap_050,dinov2_multi_sam2,4,4880,pcb4,mean_anomaly_mask_iou,0.17396269264531555,1,within_category,descriptive_single_support_seed
area_cap_none,dinov2_multi_sam2,4,4880,macro,mean_anomaly_mask_iou,0.21073219963989764,4,category_macro,descriptive_single_support_seed
area_cap_none,dinov2_multi_sam2,4,4880,pcb1,mean_anomaly_mask_iou,0.25371836834079997,1,within_category,descriptive_single_support_seed
area_cap_none,dinov2_multi_sam2,4,4880,pcb2,mean_anomaly_mask_iou,0.226947864900154,1,within_category,descriptive_single_support_seed
area_cap_none,dinov2_multi_sam2,4,4880,pcb3,mean_anomaly_mask_iou,0.18829987267332096,1,within_category,descriptive_single_support_seed
area_cap_none,dinov2_multi_sam2,4,4880,pcb4,mean_anomaly_mask_iou,0.17396269264531555,1,within_category,descriptive_single_support_seed
crop512_o025_max,dinov2_multi,4,4880,macro,mean_anomaly_mask_iou,0.1387112769474157,4,category_macro,descriptive_single_support_seed
crop512_o025_max,dinov2_multi,4,4880,pcb1,mean_anomaly_mask_iou,0.20247815506969954,1,within_category,descriptive_single_support_seed
crop512_o025_max,dinov2_multi,4,4880,pcb2,mean_anomaly_mask_iou,0.14402295379403873,1,within_category,descriptive_single_support_seed
crop512_o025_max,dinov2_multi,4,4880,pcb3,mean_anomaly_mask_iou,0.09942434841982838,1,within_category,descriptive_single_support_seed
crop512_o025_max,dinov2_multi,4,4880,pcb4,mean_anomaly_mask_iou,0.10891965050609613,1,within_category,descriptive_single_support_seed
crop768_o000_max,dinov2_multi,4,4880,macro,mean_anomaly_mask_iou,0.1632450048419557,4,category_macro,descriptive_single_support_seed
crop768_o000_max,dinov2_multi,4,4880,pcb1,mean_anomaly_mask_iou,0.2413475181650897,1,within_category,descriptive_single_support_seed
crop768_o000_max,dinov2_multi,4,4880,pcb2,mean_anomaly_mask_iou,0.16330739945360215,1,within_category,descriptive_single_support_seed
crop768_o000_max,dinov2_multi,4,4880,pcb3,mean_anomaly_mask_iou,0.1327498232706301,1,within_category,descriptive_single_support_seed
crop768_o000_max,dinov2_multi,4,4880,pcb4,mean_anomaly_mask_iou,0.1155752784785008,1,within_category,descriptive_single_support_seed
crop768_o025_mean,dinov2_multi,4,4880,macro,mean_anomaly_mask_iou,0.19866863917959474,4,category_macro,descriptive_single_support_seed
crop768_o025_mean,dinov2_multi,4,4880,pcb1,mean_anomaly_mask_iou,0.26189916882878533,1,within_category,descriptive_single_support_seed
crop768_o025_mean,dinov2_multi,4,4880,pcb2,mean_anomaly_mask_iou,0.17975643216286308,1,within_category,descriptive_single_support_seed
crop768_o025_mean,dinov2_multi,4,4880,pcb3,mean_anomaly_mask_iou,0.1809594239305342,1,within_category,descriptive_single_support_seed
crop768_o025_mean,dinov2_multi,4,4880,pcb4,mean_anomaly_mask_iou,0.17205953179619626,1,within_category,descriptive_single_support_seed
crop768_o050_max,dinov2_multi,4,4880,macro,mean_anomaly_mask_iou,0.16982538793539706,4,category_macro,descriptive_single_support_seed
crop768_o050_max,dinov2_multi,4,4880,pcb1,mean_anomaly_mask_iou,0.24224391112108223,1,within_category,descriptive_single_support_seed
crop768_o050_max,dinov2_multi,4,4880,pcb2,mean_anomaly_mask_iou,0.1729079645019025,1,within_category,descriptive_single_support_seed
crop768_o050_max,dinov2_multi,4,4880,pcb3,mean_anomaly_mask_iou,0.14205889820082232,1,within_category,descriptive_single_support_seed
crop768_o050_max,dinov2_multi,4,4880,pcb4,mean_anomaly_mask_iou,0.12209077791778121,1,within_category,descriptive_single_support_seed
fusion_selective,anomaly_consistent_sam2,4,4880,macro,mean_anomaly_mask_iou,0.2267233976131829,4,category_macro,descriptive_single_support_seed
fusion_selective,anomaly_consistent_sam2,4,4880,pcb1,mean_anomaly_mask_iou,0.2976288325923476,1,within_category,descriptive_single_support_seed
fusion_selective,anomaly_consistent_sam2,4,4880,pcb2,mean_anomaly_mask_iou,0.2549980711468609,1,within_category,descriptive_single_support_seed
fusion_selective,anomaly_consistent_sam2,4,4880,pcb3,mean_anomaly_mask_iou,0.20704575883811047,1,within_category,descriptive_single_support_seed
fusion_selective,anomaly_consistent_sam2,4,4880,pcb4,mean_anomaly_mask_iou,0.14722092787541258,1,within_category,descriptive_single_support_seed
fusion_union,anomaly_consistent_sam2,4,4880,macro,mean_anomaly_mask_iou,0.1689395029678578,4,category_macro,descriptive_single_support_seed
fusion_union,anomaly_consistent_sam2,4,4880,pcb1,mean_anomaly_mask_iou,0.23240604509663995,1,within_category,descriptive_single_support_seed
fusion_union,anomaly_consistent_sam2,4,4880,pcb2,mean_anomaly_mask_iou,0.16048932572849373,1,within_category,descriptive_single_support_seed
fusion_union,anomaly_consistent_sam2,4,4880,pcb3,mean_anomaly_mask_iou,0.14357456259195803,1,within_category,descriptive_single_support_seed
fusion_union,anomaly_consistent_sam2,4,4880,pcb4,mean_anomaly_mask_iou,0.13928807845433958,1,within_category,descriptive_single_support_seed
prompt_box,dinov2_multi_sam2,4,4880,macro,mean_anomaly_mask_iou,0.20718750088036011,4,category_macro,descriptive_single_support_seed
prompt_box,dinov2_multi_sam2,4,4880,pcb1,mean_anomaly_mask_iou,0.23560314646425845,1,within_category,descriptive_single_support_seed
prompt_box,dinov2_multi_sam2,4,4880,pcb2,mean_anomaly_mask_iou,0.22358936870043988,1,within_category,descriptive_single_support_seed
prompt_box,dinov2_multi_sam2,4,4880,pcb3,mean_anomaly_mask_iou,0.1902355512709189,1,within_category,descriptive_single_support_seed
prompt_box,dinov2_multi_sam2,4,4880,pcb4,mean_anomaly_mask_iou,0.17932193708582325,1,within_category,descriptive_single_support_seed
prompt_point_box_center,dinov2_multi_sam2,4,4880,macro,mean_anomaly_mask_iou,0.21761188856954874,4,category_macro,descriptive_single_support_seed
prompt_point_box_center,dinov2_multi_sam2,4,4880,pcb1,mean_anomaly_mask_iou,0.27327185320083175,1,within_category,descriptive_single_support_seed
prompt_point_box_center,dinov2_multi_sam2,4,4880,pcb2,mean_anomaly_mask_iou,0.2241172000264351,1,within_category,descriptive_single_support_seed
prompt_point_box_center,dinov2_multi_sam2,4,4880,pcb3,mean_anomaly_mask_iou,0.1916583018708698,1,within_category,descriptive_single_support_seed
prompt_point_box_center,dinov2_multi_sam2,4,4880,pcb4,mean_anomaly_mask_iou,0.1814001991800583,1,within_category,descriptive_single_support_seed
prompt_point_max,dinov2_multi_sam2,4,4880,macro,mean_anomaly_mask_iou,0.04627852523041441,4,category_macro,descriptive_single_support_seed
prompt_point_max,dinov2_multi_sam2,4,4880,pcb1,mean_anomaly_mask_iou,0.03999595909443144,1,within_category,descriptive_single_support_seed
prompt_point_max,dinov2_multi_sam2,4,4880,pcb2,mean_anomaly_mask_iou,0.027823965080424326,1,within_category,descriptive_single_support_seed
prompt_point_max,dinov2_multi_sam2,4,4880,pcb3,mean_anomaly_mask_iou,0.026460597526625412,1,within_category,descriptive_single_support_seed
prompt_point_max,dinov2_multi_sam2,4,4880,pcb4,mean_anomaly_mask_iou,0.09083357922017644,1,within_category,descriptive_single_support_seed
area_cap_010,dinov2_multi_sam2,4,4880,macro,mean_anomaly_mask_precision,0.2708405814890433,4,category_macro,descriptive_single_support_seed
area_cap_010,dinov2_multi_sam2,4,4880,pcb1,mean_anomaly_mask_precision,0.2912573736512857,1,within_category,descriptive_single_support_seed
area_cap_010,dinov2_multi_sam2,4,4880,pcb2,mean_anomaly_mask_precision,0.25038920164679435,1,within_category,descriptive_single_support_seed
area_cap_010,dinov2_multi_sam2,4,4880,pcb3,mean_anomaly_mask_precision,0.22504206480526284,1,within_category,descriptive_single_support_seed
area_cap_010,dinov2_multi_sam2,4,4880,pcb4,mean_anomaly_mask_precision,0.31667368585283034,1,within_category,descriptive_single_support_seed
area_cap_050,dinov2_multi_sam2,4,4880,macro,mean_anomaly_mask_precision,0.2708405814890433,4,category_macro,descriptive_single_support_seed
area_cap_050,dinov2_multi_sam2,4,4880,pcb1,mean_anomaly_mask_precision,0.2912573736512857,1,within_category,descriptive_single_support_seed
area_cap_050,dinov2_multi_sam2,4,4880,pcb2,mean_anomaly_mask_precision,0.25038920164679435,1,within_category,descriptive_single_support_seed
area_cap_050,dinov2_multi_sam2,4,4880,pcb3,mean_anomaly_mask_precision,0.22504206480526284,1,within_category,descriptive_single_support_seed
area_cap_050,dinov2_multi_sam2,4,4880,pcb4,mean_anomaly_mask_precision,0.31667368585283034,1,within_category,descriptive_single_support_seed
area_cap_none,dinov2_multi_sam2,4,4880,macro,mean_anomaly_mask_precision,0.2708405814890433,4,category_macro,descriptive_single_support_seed
area_cap_none,dinov2_multi_sam2,4,4880,pcb1,mean_anomaly_mask_precision,0.2912573736512857,1,within_category,descriptive_single_support_seed
area_cap_none,dinov2_multi_sam2,4,4880,pcb2,mean_anomaly_mask_precision,0.25038920164679435,1,within_category,descriptive_single_support_seed
area_cap_none,dinov2_multi_sam2,4,4880,pcb3,mean_anomaly_mask_precision,0.22504206480526284,1,within_category,descriptive_single_support_seed
area_cap_none,dinov2_multi_sam2,4,4880,pcb4,mean_anomaly_mask_precision,0.31667368585283034,1,within_category,descriptive_single_support_seed
crop512_o025_max,dinov2_multi,4,4880,macro,mean_anomaly_mask_precision,0.2050252802183178,4,category_macro,descriptive_single_support_seed
crop512_o025_max,dinov2_multi,4,4880,pcb1,mean_anomaly_mask_precision,0.24309680531921374,1,within_category,descriptive_single_support_seed
crop512_o025_max,dinov2_multi,4,4880,pcb2,mean_anomaly_mask_precision,0.17816724867655673,1,within_category,descriptive_single_support_seed
crop512_o025_max,dinov2_multi,4,4880,pcb3,mean_anomaly_mask_precision,0.12968741653117,1,within_category,descriptive_single_support_seed
crop512_o025_max,dinov2_multi,4,4880,pcb4,mean_anomaly_mask_precision,0.26914965034633076,1,within_category,descriptive_single_support_seed
crop768_o000_max,dinov2_multi,4,4880,macro,mean_anomaly_mask_precision,0.20590773876710933,4,category_macro,descriptive_single_support_seed
crop768_o000_max,dinov2_multi,4,4880,pcb1,mean_anomaly_mask_precision,0.2653642244967293,1,within_category,descriptive_single_support_seed
crop768_o000_max,dinov2_multi,4,4880,pcb2,mean_anomaly_mask_precision,0.1832894831994424,1,within_category,descriptive_single_support_seed
crop768_o000_max,dinov2_multi,4,4880,pcb3,mean_anomaly_mask_precision,0.17019665069930856,1,within_category,descriptive_single_support_seed
crop768_o000_max,dinov2_multi,4,4880,pcb4,mean_anomaly_mask_precision,0.20478059667295695,1,within_category,descriptive_single_support_seed
crop768_o025_mean,dinov2_multi,4,4880,macro,mean_anomaly_mask_precision,0.23295865169408192,4,category_macro,descriptive_single_support_seed
crop768_o025_mean,dinov2_multi,4,4880,pcb1,mean_anomaly_mask_precision,0.27304167141907104,1,within_category,descriptive_single_support_seed
crop768_o025_mean,dinov2_multi,4,4880,pcb2,mean_anomaly_mask_precision,0.1949894973362456,1,within_category,descriptive_single_support_seed
crop768_o025_mean,dinov2_multi,4,4880,pcb3,mean_anomaly_mask_precision,0.20376700080742197,1,within_category,descriptive_single_support_seed
crop768_o025_mean,dinov2_multi,4,4880,pcb4,mean_anomaly_mask_precision,0.26003643721358904,1,within_category,descriptive_single_support_seed
crop768_o050_max,dinov2_multi,4,4880,macro,mean_anomaly_mask_precision,0.21114753777334447,4,category_macro,descriptive_single_support_seed
crop768_o050_max,dinov2_multi,4,4880,pcb1,mean_anomaly_mask_precision,0.26662049444984964,1,within_category,descriptive_single_support_seed
crop768_o050_max,dinov2_multi,4,4880,pcb2,mean_anomaly_mask_precision,0.19206677454958385,1,within_category,descriptive_single_support_seed
crop768_o050_max,dinov2_multi,4,4880,pcb3,mean_anomaly_mask_precision,0.17858516983763562,1,within_category,descriptive_single_support_seed
crop768_o050_max,dinov2_multi,4,4880,pcb4,mean_anomaly_mask_precision,0.20731771225630882,1,within_category,descriptive_single_support_seed
fusion_selective,anomaly_consistent_sam2,4,4880,macro,mean_anomaly_mask_precision,0.31955409436184046,4,category_macro,descriptive_single_support_seed
fusion_selective,anomaly_consistent_sam2,4,4880,pcb1,mean_anomaly_mask_precision,0.3645354704303625,1,within_category,descriptive_single_support_seed
fusion_selective,anomaly_consistent_sam2,4,4880,pcb2,mean_anomaly_mask_precision,0.302155133435271,1,within_category,descriptive_single_support_seed
fusion_selective,anomaly_consistent_sam2,4,4880,pcb3,mean_anomaly_mask_precision,0.2819807603558325,1,within_category,descriptive_single_support_seed
fusion_selective,anomaly_consistent_sam2,4,4880,pcb4,mean_anomaly_mask_precision,0.3295450132258958,1,within_category,descriptive_single_support_seed
fusion_union,anomaly_consistent_sam2,4,4880,macro,mean_anomaly_mask_precision,0.1990679865482521,4,category_macro,descriptive_single_support_seed
fusion_union,anomaly_consistent_sam2,4,4880,pcb1,mean_anomaly_mask_precision,0.2420364020176924,1,within_category,descriptive_single_support_seed
fusion_union,anomaly_consistent_sam2,4,4880,pcb2,mean_anomaly_mask_precision,0.17257998209113065,1,within_category,descriptive_single_support_seed
fusion_union,anomaly_consistent_sam2,4,4880,pcb3,mean_anomaly_mask_precision,0.16360959554263732,1,within_category,descriptive_single_support_seed
fusion_union,anomaly_consistent_sam2,4,4880,pcb4,mean_anomaly_mask_precision,0.21804596654154806,1,within_category,descriptive_single_support_seed
prompt_box,dinov2_multi_sam2,4,4880,macro,mean_anomaly_mask_precision,0.27149020401050933,4,category_macro,descriptive_single_support_seed
prompt_box,dinov2_multi_sam2,4,4880,pcb1,mean_anomaly_mask_precision,0.28599255641983473,1,within_category,descriptive_single_support_seed
prompt_box,dinov2_multi_sam2,4,4880,pcb2,mean_anomaly_mask_precision,0.24654158806312335,1,within_category,descriptive_single_support_seed
prompt_box,dinov2_multi_sam2,4,4880,pcb3,mean_anomaly_mask_precision,0.22871511905459393,1,within_category,descriptive_single_support_seed
prompt_box,dinov2_multi_sam2,4,4880,pcb4,mean_anomaly_mask_precision,0.3247115525044853,1,within_category,descriptive_single_support_seed
prompt_point_box_center,dinov2_multi_sam2,4,4880,macro,mean_anomaly_mask_precision,0.27661941596820033,4,category_macro,descriptive_single_support_seed
prompt_point_box_center,dinov2_multi_sam2,4,4880,pcb1,mean_anomaly_mask_precision,0.2987019844089697,1,within_category,descriptive_single_support_seed
prompt_point_box_center,dinov2_multi_sam2,4,4880,pcb2,mean_anomaly_mask_precision,0.2469006180360873,1,within_category,descriptive_single_support_seed
prompt_point_box_center,dinov2_multi_sam2,4,4880,pcb3,mean_anomaly_mask_precision,0.23185926526898634,1,within_category,descriptive_single_support_seed
prompt_point_box_center,dinov2_multi_sam2,4,4880,pcb4,mean_anomaly_mask_precision,0.329015796158758,1,within_category,descriptive_single_support_seed
prompt_point_max,dinov2_multi_sam2,4,4880,macro,mean_anomaly_mask_precision,0.04891797298685443,4,category_macro,descriptive_single_support_seed
prompt_point_max,dinov2_multi_sam2,4,4880,pcb1,mean_anomaly_mask_precision,0.04066926421225836,1,within_category,descriptive_single_support_seed
prompt_point_max,dinov2_multi_sam2,4,4880,pcb2,mean_anomaly_mask_precision,0.029892382314466857,1,within_category,descriptive_single_support_seed
prompt_point_max,dinov2_multi_sam2,4,4880,pcb3,mean_anomaly_mask_precision,0.027620631042491524,1,within_category,descriptive_single_support_seed
prompt_point_max,dinov2_multi_sam2,4,4880,pcb4,mean_anomaly_mask_precision,0.09748961437820097,1,within_category,descriptive_single_support_seed
area_cap_010,dinov2_multi_sam2,4,4880,macro,mean_anomaly_mask_recall,0.4974020617143388,4,category_macro,descriptive_single_support_seed
area_cap_010,dinov2_multi_sam2,4,4880,pcb1,mean_anomaly_mask_recall,0.6395595078621941,1,within_category,descriptive_single_support_seed
area_cap_010,dinov2_multi_sam2,4,4880,pcb2,mean_anomaly_mask_recall,0.5958935551424127,1,within_category,descriptive_single_support_seed
area_cap_010,dinov2_multi_sam2,4,4880,pcb3,mean_anomaly_mask_recall,0.44476855896688966,1,within_category,descriptive_single_support_seed
area_cap_010,dinov2_multi_sam2,4,4880,pcb4,mean_anomaly_mask_recall,0.3093866248858587,1,within_category,descriptive_single_support_seed
area_cap_050,dinov2_multi_sam2,4,4880,macro,mean_anomaly_mask_recall,0.4974020617143388,4,category_macro,descriptive_single_support_seed
area_cap_050,dinov2_multi_sam2,4,4880,pcb1,mean_anomaly_mask_recall,0.6395595078621941,1,within_category,descriptive_single_support_seed
area_cap_050,dinov2_multi_sam2,4,4880,pcb2,mean_anomaly_mask_recall,0.5958935551424127,1,within_category,descriptive_single_support_seed
area_cap_050,dinov2_multi_sam2,4,4880,pcb3,mean_anomaly_mask_recall,0.44476855896688966,1,within_category,descriptive_single_support_seed
area_cap_050,dinov2_multi_sam2,4,4880,pcb4,mean_anomaly_mask_recall,0.3093866248858587,1,within_category,descriptive_single_support_seed
area_cap_none,dinov2_multi_sam2,4,4880,macro,mean_anomaly_mask_recall,0.4974020617143388,4,category_macro,descriptive_single_support_seed
area_cap_none,dinov2_multi_sam2,4,4880,pcb1,mean_anomaly_mask_recall,0.6395595078621941,1,within_category,descriptive_single_support_seed
area_cap_none,dinov2_multi_sam2,4,4880,pcb2,mean_anomaly_mask_recall,0.5958935551424127,1,within_category,descriptive_single_support_seed
area_cap_none,dinov2_multi_sam2,4,4880,pcb3,mean_anomaly_mask_recall,0.44476855896688966,1,within_category,descriptive_single_support_seed
area_cap_none,dinov2_multi_sam2,4,4880,pcb4,mean_anomaly_mask_recall,0.3093866248858587,1,within_category,descriptive_single_support_seed
crop512_o025_max,dinov2_multi,4,4880,macro,mean_anomaly_mask_recall,0.34331517197354905,4,category_macro,descriptive_single_support_seed
crop512_o025_max,dinov2_multi,4,4880,pcb1,mean_anomaly_mask_recall,0.4558957241762205,1,within_category,descriptive_single_support_seed
crop512_o025_max,dinov2_multi,4,4880,pcb2,mean_anomaly_mask_recall,0.4302250025472809,1,within_category,descriptive_single_support_seed
crop512_o025_max,dinov2_multi,4,4880,pcb3,mean_anomaly_mask_recall,0.3027919166367879,1,within_category,descriptive_single_support_seed
crop512_o025_max,dinov2_multi,4,4880,pcb4,mean_anomaly_mask_recall,0.18434804453390696,1,within_category,descriptive_single_support_seed
crop768_o000_max,dinov2_multi,4,4880,macro,mean_anomaly_mask_recall,0.4619582318871571,4,category_macro,descriptive_single_support_seed
crop768_o000_max,dinov2_multi,4,4880,pcb1,mean_anomaly_mask_recall,0.6267734265037618,1,within_category,descriptive_single_support_seed
crop768_o000_max,dinov2_multi,4,4880,pcb2,mean_anomaly_mask_recall,0.5586950464309166,1,within_category,descriptive_single_support_seed
crop768_o000_max,dinov2_multi,4,4880,pcb3,mean_anomaly_mask_recall,0.3885098392247964,1,within_category,descriptive_single_support_seed
crop768_o000_max,dinov2_multi,4,4880,pcb4,mean_anomaly_mask_recall,0.2738546153891539,1,within_category,descriptive_single_support_seed
crop768_o025_mean,dinov2_multi,4,4880,macro,mean_anomaly_mask_recall,0.6411321242125254,4,category_macro,descriptive_single_support_seed
crop768_o025_mean,dinov2_multi,4,4880,pcb1,mean_anomaly_mask_recall,0.7816336761515308,1,within_category,descriptive_single_support_seed
crop768_o025_mean,dinov2_multi,4,4880,pcb2,mean_anomaly_mask_recall,0.6844737715495246,1,within_category,descriptive_single_support_seed
crop768_o025_mean,dinov2_multi,4,4880,pcb3,mean_anomaly_mask_recall,0.6503383374496287,1,within_category,descriptive_single_support_seed
crop768_o025_mean,dinov2_multi,4,4880,pcb4,mean_anomaly_mask_recall,0.4480827116994175,1,within_category,descriptive_single_support_seed
crop768_o050_max,dinov2_multi,4,4880,macro,mean_anomaly_mask_recall,0.48721209601525517,4,category_macro,descriptive_single_support_seed
crop768_o050_max,dinov2_multi,4,4880,pcb1,mean_anomaly_mask_recall,0.6387973583527021,1,within_category,descriptive_single_support_seed
crop768_o050_max,dinov2_multi,4,4880,pcb2,mean_anomaly_mask_recall,0.5918760003460758,1,within_category,descriptive_single_support_seed
crop768_o050_max,dinov2_multi,4,4880,pcb3,mean_anomaly_mask_recall,0.4228929474469006,1,within_category,descriptive_single_support_seed
crop768_o050_max,dinov2_multi,4,4880,pcb4,mean_anomaly_mask_recall,0.2952820779153422,1,within_category,descriptive_single_support_seed
fusion_selective,anomaly_consistent_sam2,4,4880,macro,mean_anomaly_mask_recall,0.4255362873775543,4,category_macro,descriptive_single_support_seed
fusion_selective,anomaly_consistent_sam2,4,4880,pcb1,mean_anomaly_mask_recall,0.5588783172771794,1,within_category,descriptive_single_support_seed
fusion_selective,anomaly_consistent_sam2,4,4880,pcb2,mean_anomaly_mask_recall,0.5253622182809982,1,within_category,descriptive_single_support_seed
fusion_selective,anomaly_consistent_sam2,4,4880,pcb3,mean_anomaly_mask_recall,0.3882398754297393,1,within_category,descriptive_single_support_seed
fusion_selective,anomaly_consistent_sam2,4,4880,pcb4,mean_anomaly_mask_recall,0.22966473852230002,1,within_category,descriptive_single_support_seed
fusion_union,anomaly_consistent_sam2,4,4880,macro,mean_anomaly_mask_recall,0.5561953457811941,4,category_macro,descriptive_single_support_seed
fusion_union,anomaly_consistent_sam2,4,4880,pcb1,mean_anomaly_mask_recall,0.7150635760989873,1,within_category,descriptive_single_support_seed
fusion_union,anomaly_consistent_sam2,4,4880,pcb2,mean_anomaly_mask_recall,0.6416701255442885,1,within_category,descriptive_single_support_seed
fusion_union,anomaly_consistent_sam2,4,4880,pcb3,mean_anomaly_mask_recall,0.5161558506324776,1,within_category,descriptive_single_support_seed
fusion_union,anomaly_consistent_sam2,4,4880,pcb4,mean_anomaly_mask_recall,0.351891830849023,1,within_category,descriptive_single_support_seed
prompt_box,dinov2_multi_sam2,4,4880,macro,mean_anomaly_mask_recall,0.5001721340613118,4,category_macro,descriptive_single_support_seed
prompt_box,dinov2_multi_sam2,4,4880,pcb1,mean_anomaly_mask_recall,0.6275393653354304,1,within_category,descriptive_single_support_seed
prompt_box,dinov2_multi_sam2,4,4880,pcb2,mean_anomaly_mask_recall,0.6054173832008098,1,within_category,descriptive_single_support_seed
prompt_box,dinov2_multi_sam2,4,4880,pcb3,mean_anomaly_mask_recall,0.4457549093161887,1,within_category,descriptive_single_support_seed
prompt_box,dinov2_multi_sam2,4,4880,pcb4,mean_anomaly_mask_recall,0.32197687839281797,1,within_category,descriptive_single_support_seed
prompt_point_box_center,dinov2_multi_sam2,4,4880,macro,mean_anomaly_mask_recall,0.5034539829118709,4,category_macro,descriptive_single_support_seed
prompt_point_box_center,dinov2_multi_sam2,4,4880,pcb1,mean_anomaly_mask_recall,0.6583742118153093,1,within_category,descriptive_single_support_seed
prompt_point_box_center,dinov2_multi_sam2,4,4880,pcb2,mean_anomaly_mask_recall,0.5907766137339033,1,within_category,descriptive_single_support_seed
prompt_point_box_center,dinov2_multi_sam2,4,4880,pcb3,mean_anomaly_mask_recall,0.4388932142428704,1,within_category,descriptive_single_support_seed
prompt_point_box_center,dinov2_multi_sam2,4,4880,pcb4,mean_anomaly_mask_recall,0.3257718918554009,1,within_category,descriptive_single_support_seed
prompt_point_max,dinov2_multi_sam2,4,4880,macro,mean_anomaly_mask_recall,0.7142160557519504,4,category_macro,descriptive_single_support_seed
prompt_point_max,dinov2_multi_sam2,4,4880,pcb1,mean_anomaly_mask_recall,0.7398596396886694,1,within_category,descriptive_single_support_seed
prompt_point_max,dinov2_multi_sam2,4,4880,pcb2,mean_anomaly_mask_recall,0.6027465101843282,1,within_category,descriptive_single_support_seed
prompt_point_max,dinov2_multi_sam2,4,4880,pcb3,mean_anomaly_mask_recall,0.7940139096065942,1,within_category,descriptive_single_support_seed
prompt_point_max,dinov2_multi_sam2,4,4880,pcb4,mean_anomaly_mask_recall,0.7202441635282095,1,within_category,descriptive_single_support_seed
