variant,run_id,method,category,k,seed,threshold_policy,image_auroc,pixel_auroc,aupro,aggregate_pixel_f1,aggregate_pixel_iou,mean_anomaly_mask_f1,mean_anomaly_mask_iou,mean_anomaly_mask_precision,mean_anomaly_mask_recall,git_commit,git_dirty,manifest_path,manifest_sha256,effective_execution_sha256,run_spec_sha256
crop512_o025_max,dinov2_multi__pcb1__fold0__k4__seed4880__crop512_o025_max,dinov2_multi,pcb1,4,4880,normal_q995,0.6049,0.9712161000333456,0.7980621095720102,0.527373261202764,0.3581174015850715,0.2898751562463699,0.20247815506969954,0.24309680531921374,0.4558957241762205,ff4c07208278376b27a4954d560c715f51453c5e,False,data/manifests/visa_pcb_folds.csv,6fd011da63133ce0135df8ae336b42bd81d65db1586e77b2db3fb61a9914842e,f7f4f079d6f0e0f9866a8676437de9897eab0b904cb5a5e73b66cf4c5221b682,60efed2321f9260587f6b8c3400fcfd24309710bb211fb12a2e812efe66cf2d8
crop512_o025_max,dinov2_multi__pcb2__fold0__k4__seed4880__crop512_o025_max,dinov2_multi,pcb2,4,4880,normal_q995,0.6522,0.9202381415105303,0.7541281604795883,0.16285006588794138,0.08864277371386727,0.23138563415063826,0.14402295379403873,0.17816724867655673,0.4302250025472809,ff4c07208278376b27a4954d560c715f51453c5e,False,data/manifests/visa_pcb_folds.csv,6fd011da63133ce0135df8ae336b42bd81d65db1586e77b2db3fb61a9914842e,20a0eb93f38ca5b23f120c81ffecfe26b8a22801b414e55a3cda8e22aef8aa00,89b3d284173a41dfe3add80b2d62418d9ca5411e7ece8ad831d207f30be99f04
crop512_o025_max,dinov2_multi__pcb3__fold0__k4__seed4880__crop512_o025_max,dinov2_multi,pcb3,4,4880,normal_q995,0.622970297029703,0.9156751367380694,0.7107441742299583,0.14192098171413584,0.07638048776045185,0.16601640631965467,0.09942434841982838,0.12968741653117,0.3027919166367879,ff4c07208278376b27a4954d560c715f51453c5e,False,data/manifests/visa_pcb_folds.csv,6fd011da63133ce0135df8ae336b42bd81d65db1586e77b2db3fb61a9914842e,6408e0117986ae8951b14b6c4d8ae3c531c545aa4f6d3660ee8d432862a803bf,50990f8c4f15ac9d5bead2708e8cd06c577f654744b2dea8653f5c6e3086e0eb
crop512_o025_max,dinov2_multi__pcb4__fold0__k4__seed4880__crop512_o025_max,dinov2_multi,pcb4,4,4880,normal_q995,0.6448514851485149,0.8818551312175243,0.7277299652258328,0.16424630307410598,0.08947077342082907,0.1782419171295833,0.10891965050609613,0.26914965034633076,0.18434804453390696,ff4c07208278376b27a4954d560c715f51453c5e,False,data/manifests/visa_pcb_folds.csv,6fd011da63133ce0135df8ae336b42bd81d65db1586e77b2db3fb61a9914842e,d99e7b2103d55edfad17eff45d4cfbd23cd83a96799e00ef9a0ed5b384c5ec74,5ae41e04db7ebd335f321a928202c11f2bd4f4d7fe95a873874a03f344056dc4
crop768_o000_max,dinov2_multi__pcb1__fold0__k4__seed4880__crop768_o000_max,dinov2_multi,pcb1,4,4880,normal_q995,0.6737,0.9897565198144738,0.9095209740774413,0.5687952158308321,0.39742405987066676,0.34361220408324056,0.2413475181650897,0.2653642244967293,0.6267734265037618,ff4c07208278376b27a4954d560c715f51453c5e,False,data/manifests/visa_pcb_folds.csv,6fd011da63133ce0135df8ae336b42bd81d65db1586e77b2db3fb61a9914842e,dbe86abd9655dd9c653734e3d5d0f14601ad8c9b39a543b912d58847283b0f6f,2dcf02d3fb5cd213f4891c05d5c76d92090e900e7b59f204a41de97e1d0e4709
crop768_o000_max,dinov2_multi__pcb2__fold0__k4__seed4880__crop768_o000_max,dinov2_multi,pcb2,4,4880,normal_q995,0.7282,0.9447338105753008,0.8208295292750749,0.19926665815131778,0.11065861530988544,0.2606491111209602,0.16330739945360215,0.1832894831994424,0.5586950464309166,ff4c07208278376b27a4954d560c715f51453c5e,False,data/manifests/visa_pcb_folds.csv,6fd011da63133ce0135df8ae336b42bd81d65db1586e77b2db3fb61a9914842e,e52d85d24155ea5cb8da49fac53c55009e2a918cc02cf72f8833c2d158351016,9f9c3cf2e8c29207bd69e13f1e56d0cc082a04fecc032c3284b12b1be5380328
crop768_o000_max,dinov2_multi__pcb3__fold0__k4__seed4880__crop768_o000_max,dinov2_multi,pcb3,4,4880,normal_q995,0.7043564356435643,0.9302175482994561,0.7444538821899459,0.19756828830311696,0.10961207962609473,0.21378830074431948,0.1327498232706301,0.17019665069930856,0.3885098392247964,ff4c07208278376b27a4954d560c715f51453c5e,False,data/manifests/visa_pcb_folds.csv,6fd011da63133ce0135df8ae336b42bd81d65db1586e77b2db3fb61a9914842e,74091faf0c384d074a2b65f6f55eb25e6e1f14b161f79708cd60babae95f875e,f1c44879569c8288abd4d9f7887d117e597edca83811dadd0a149cdaecea9e67
crop768_o000_max,dinov2_multi__pcb4__fold0__k4__seed4880__crop768_o000_max,dinov2_multi,pcb4,4,4880,normal_q995,0.7613861386138614,0.8888941980830927,0.7081728120012332,0.16967257744422393,0.09270066948311455,0.1951604912338421,0.1155752784785008,0.20478059667295695,0.2738546153891539,ff4c07208278376b27a4954d560c715f51453c5e,False,data/manifests/visa_pcb_folds.csv,6fd011da63133ce0135df8ae336b42bd81d65db1586e77b2db3fb61a9914842e,d2152b64948995cab724fadb14ccefa7e0621e4608d0e322b80a8069d6ac5baa,d49af46954849befae8e9236a7e88241da8c923b55e556b52d0082e109fa6567
crop768_o050_max,dinov2_multi__pcb1__fold0__k4__seed4880__crop768_o050_max,dinov2_multi,pcb1,4,4880,normal_q995,0.6645,0.989657646324146,0.9192008648852309,0.5637667823071082,0.39253150210014,0.3454170071577427,0.24224391112108223,0.26662049444984964,0.6387973583527021,ff4c07208278376b27a4954d560c715f51453c5e,False,data/manifests/visa_pcb_folds.csv,6fd011da63133ce0135df8ae336b42bd81d65db1586e77b2db3fb61a9914842e,495205ff28a913bb8cb88cd5acb881589836c88587d2900a2d123a59095d8e13,7dec170fd7a543cceac5cdb03118cd8e1aeab02621f8b7d95b30e1c4af65143f
crop768_o050_max,dinov2_multi__pcb2__fold0__k4__seed4880__crop768_o050_max,dinov2_multi,pcb2,4,4880,normal_q995,0.7586,0.9518414426266729,0.8516716532914425,0.20426166345363136,0.11374801066310979,0.2744168391953592,0.1729079645019025,0.19206677454958385,0.5918760003460758,ff4c07208278376b27a4954d560c715f51453c5e,False,data/manifests/visa_pcb_folds.csv,6fd011da63133ce0135df8ae336b42bd81d65db1586e77b2db3fb61a9914842e,9dbe79cd53e9f342689758ba9495e4b86bc70d82d3b07707650306ab1b972379,fbf48532fe8a7781a977bb59c46a4fc5ad0b1e08ec453917d27e539f4532c59d
crop768_o050_max,dinov2_multi__pcb3__fold0__k4__seed4880__crop768_o050_max,dinov2_multi,pcb3,4,4880,normal_q995,0.7137623762376237,0.93198429724253,0.7687967164015952,0.20431284436885613,0.11377975485771336,0.22813465553097656,0.14205889820082232,0.17858516983763562,0.4228929474469006,ff4c07208278376b27a4954d560c715f51453c5e,False,data/manifests/visa_pcb_folds.csv,6fd011da63133ce0135df8ae336b42bd81d65db1586e77b2db3fb61a9914842e,cb79d2416518529af4e13cdb75b63b346091ae3bb9e406dbe063abd9fa2aef46,fd162948ec313fcadf907e9ead66baf035aad1e68c0ae41098a6c1a674122c39
crop768_o050_max,dinov2_multi__pcb4__fold0__k4__seed4880__crop768_o050_max,dinov2_multi,pcb4,4,4880,normal_q995,0.7508910891089109,0.9060623198424552,0.7356790392433231,0.181943550434963,0.10007585324344154,0.20596839893504648,0.12209077791778121,0.20731771225630882,0.2952820779153422,ff4c07208278376b27a4954d560c715f51453c5e,False,data/manifests/visa_pcb_folds.csv,6fd011da63133ce0135df8ae336b42bd81d65db1586e77b2db3fb61a9914842e,2859401dd8498a4b524e5b2fd913c2a46b96e07e472d2ab167eef0512ed36f49,ad53694f77316838d7f3731c183b7c0c139bcf785a3b7e48ef270af812bbea4b
crop768_o025_mean,dinov2_multi__pcb1__fold0__k4__seed4880__crop768_o025_mean,dinov2_multi,pcb1,4,4880,normal_q995,0.7493,0.9952736259146708,0.9463168305730812,0.5663686177969095,0.39505874719801354,0.37436540867078094,0.26189916882878533,0.27304167141907104,0.7816336761515308,ff4c07208278376b27a4954d560c715f51453c5e,False,data/manifests/visa_pcb_folds.csv,6fd011da63133ce0135df8ae336b42bd81d65db1586e77b2db3fb61a9914842e,9fa33474890e4f8d7c5dacad2c0d70250876117030db8d05f401bd7b5786b2f5,c31ec5518b0bc1a690b929298646f46ef6b67c493ae152767610094301a8b90e
crop768_o025_mean,dinov2_multi__pcb2__fold0__k4__seed4880__crop768_o025_mean,dinov2_multi,pcb2,4,4880,normal_q995,0.8261,0.9689470241375314,0.8625342043429329,0.2138617962438034,0.11973418170780865,0.2873541981528718,0.17975643216286308,0.1949894973362456,0.6844737715495246,ff4c07208278376b27a4954d560c715f51453c5e,False,data/manifests/visa_pcb_folds.csv,6fd011da63133ce0135df8ae336b42bd81d65db1586e77b2db3fb61a9914842e,0ebeb4084ac2e4b6acbf7fca34ad6075ec641f9f61dc9a297afed17df290aa55,411c1485a3b012c76fe72c936050c6c8312a3ad0a292c1a1880b22e7213dbf8f
crop768_o025_mean,dinov2_multi__pcb3__fold0__k4__seed4880__crop768_o025_mean,dinov2_multi,pcb3,4,4880,normal_q995,0.8631683168316832,0.9685791043157778,0.8452415453957528,0.25350617616998333,0.1451514873462597,0.28636475517624105,0.1809594239305342,0.20376700080742197,0.6503383374496287,ff4c07208278376b27a4954d560c715f51453c5e,False,data/manifests/visa_pcb_folds.csv,6fd011da63133ce0135df8ae336b42bd81d65db1586e77b2db3fb61a9914842e,67be0c8a6ae104fa7b87b3e5abe3d0594a7fe1b0a6a1f2ac784572c844d27ae2,9cfedd15f786d008e33007e1a7640954b25dff32e20e7b1a6e9db0dec41f5c31
crop768_o025_mean,dinov2_multi__pcb4__fold0__k4__seed4880__crop768_o025_mean,dinov2_multi,pcb4,4,4880,normal_q995,0.8614851485148515,0.9297185099846176,0.784215544026075,0.2483314133961783,0.1417684916515226,0.28071034076667234,0.17205953179619626,0.26003643721358904,0.4480827116994175,ff4c07208278376b27a4954d560c715f51453c5e,False,data/manifests/visa_pcb_folds.csv,6fd011da63133ce0135df8ae336b42bd81d65db1586e77b2db3fb61a9914842e,d965e42e8d08ee2e975cc2e8053d8725e29bf14ee7bc46deb6644810e980c480,87759fd7ff566836f282e24233081ab70676defaad5f57b488373b3665576119
prompt_point_max,dinov2_multi_sam2__pcb1__fold0__k4__seed4880__prompt_point_max,dinov2_multi_sam2,pcb1,4,4880,binary_model_output,,,,,,0.06368939553429942,0.03999595909443144,0.04066926421225836,0.7398596396886694,ff4c07208278376b27a4954d560c715f51453c5e,False,data/manifests/visa_pcb_folds.csv,6fd011da63133ce0135df8ae336b42bd81d65db1586e77b2db3fb61a9914842e,7166f6ce9763deab2f800d62623a859c7ed4595abdf101b5e807b349dba08217,06dbe59750fa83188bbc4605faafe404f0bdcca3dc77788b9e348dbf66ae0fe3
prompt_point_max,dinov2_multi_sam2__pcb2__fold0__k4__seed4880__prompt_point_max,dinov2_multi_sam2,pcb2,4,4880,binary_model_output,,,,,,0.049710985286195136,0.027823965080424326,0.029892382314466857,0.6027465101843282,ff4c07208278376b27a4954d560c715f51453c5e,False,data/manifests/visa_pcb_folds.csv,6fd011da63133ce0135df8ae336b42bd81d65db1586e77b2db3fb61a9914842e,a4a5da89ee802a2699730cb98f67c4eb8206b3ffd9d431df7805af61b63f4391,4d5b7f2e177eee8b619e1578c0dba649ce1a2391decabe0c47db8c3035802323
prompt_point_max,dinov2_multi_sam2__pcb3__fold0__k4__seed4880__prompt_point_max,dinov2_multi_sam2,pcb3,4,4880,binary_model_output,,,,,,0.04787956909987164,0.026460597526625412,0.027620631042491524,0.7940139096065942,ff4c07208278376b27a4954d560c715f51453c5e,False,data/manifests/visa_pcb_folds.csv,6fd011da63133ce0135df8ae336b42bd81d65db1586e77b2db3fb61a9914842e,cb89936698c2179b8895007bd05ccc6b3e4a02579f8505a8c9761e84dd410a9e,6e6509ebfaf2fd08beb293bbfb8698f38e6686cc641c270164d510b39c73005c
prompt_point_max,dinov2_multi_sam2__pcb4__fold0__k4__seed4880__prompt_point_max,dinov2_multi_sam2,pcb4,4,4880,binary_model_output,,,,,,0.15071486907563694,0.09083357922017644,0.09748961437820097,0.7202441635282095,ff4c07208278376b27a4954d560c715f51453c5e,False,data/manifests/visa_pcb_folds.csv,6fd011da63133ce0135df8ae336b42bd81d65db1586e77b2db3fb61a9914842e,90f320147592c4b43110c4ec9fc043c26cb74aa97b80d479697e3b8902dc545b,08fd3df4a37c930117266657f762cb3e71b7f8ca9e6ac9cb8c1228374a5c3110
prompt_box,dinov2_multi_sam2__pcb1__fold0__k4__seed4880__prompt_box,dinov2_multi_sam2,pcb1,4,4880,binary_model_output,,,,,,0.34938777518987435,0.23560314646425845,0.28599255641983473,0.6275393653354304,ff4c07208278376b27a4954d560c715f51453c5e,False,data/manifests/visa_pcb_folds.csv,6fd011da63133ce0135df8ae336b42bd81d65db1586e77b2db3fb61a9914842e,79949ebbddbf019e23ce4d804a19b7a36dc6707b6391e4a422ac8d8a6ca244a9,d9ad3194f8132ed6ccff92e92a760189c126a3d4ff8ce8b532b2e404931d9a61
prompt_box,dinov2_multi_sam2__pcb2__fold0__k4__seed4880__prompt_box,dinov2_multi_sam2,pcb2,4,4880,binary_model_output,,,,,,0.33353179777331904,0.22358936870043988,0.24654158806312335,0.6054173832008098,ff4c07208278376b27a4954d560c715f51453c5e,False,data/manifests/visa_pcb_folds.csv,6fd011da63133ce0135df8ae336b42bd81d65db1586e77b2db3fb61a9914842e,cde6cee6a32d4265903692f0ad816ae41f8bbd4019be9650f77e1072fc05aa53,f3ad8bb421984adacbb0f9b37ea6597cec7a177e28f6564ac30326d69818fc0e
prompt_box,dinov2_multi_sam2__pcb3__fold0__k4__seed4880__prompt_box,dinov2_multi_sam2,pcb3,4,4880,binary_model_output,,,,,,0.2778651798689631,0.1902355512709189,0.22871511905459393,0.4457549093161887,ff4c07208278376b27a4954d560c715f51453c5e,False,data/manifests/visa_pcb_folds.csv,6fd011da63133ce0135df8ae336b42bd81d65db1586e77b2db3fb61a9914842e,769e8144b104ac8608f3ad2c96653362885b6f8c3bf64b473669d2fd522cdc5a,c161cad258a410484803c9b7ae59a4d9956da4e7d5beab8e71f98ed2494a07cf
prompt_box,dinov2_multi_sam2__pcb4__fold0__k4__seed4880__prompt_box,dinov2_multi_sam2,pcb4,4,4880,binary_model_output,,,,,,0.27641730776146284,0.17932193708582325,0.3247115525044853,0.32197687839281797,ff4c07208278376b27a4954d560c715f51453c5e,False,data/manifests/visa_pcb_folds.csv,6fd011da63133ce0135df8ae336b42bd81d65db1586e77b2db3fb61a9914842e,81ed7e97074e8c4a43a1435c0fbff6cba0efe69d0afb268418d89412d0c8e58b,5c14303ff7eb0bd0057cbbecb987c2e8e9c7476b9b5be692eba2556eb5b9f997
prompt_point_box_center,dinov2_multi_sam2__pcb1__fold0__k4__seed4880__prompt_point_box_center,dinov2_multi_sam2,pcb1,4,4880,binary_model_output,,,,,,0.38064915013754536,0.27327185320083175,0.2987019844089697,0.6583742118153093,ff4c07208278376b27a4954d560c715f51453c5e,False,data/manifests/visa_pcb_folds.csv,6fd011da63133ce0135df8ae336b42bd81d65db1586e77b2db3fb61a9914842e,af33dde9c8d09430dea54bc9c1ef26b5a0d1b4aec8798f43c9e006c28cc1d73d,97068f361acca4c06fde3859a4b377d23ca061218a0f87839fffe3ff7c3f9c92
prompt_point_box_center,dinov2_multi_sam2__pcb2__fold0__k4__seed4880__prompt_point_box_center,dinov2_multi_sam2,pcb2,4,4880,binary_model_output,,,,,,0.3319507897076782,0.2241172000264351,0.2469006180360873,0.5907766137339033,ff4c07208278376b27a4954d560c715f51453c5e,False,data/manifests/visa_pcb_folds.csv,6fd011da63133ce0135df8ae336b42bd81d65db1586e77b2db3fb61a9914842e,7753a589423890ef7bec2a7c1d32136097041fa6b5c445ee9da22c9d6ddb1493,80c9acb5228e7bb5290f6083124aa03d5029afcb56a223ba3e13f705a88a4125
prompt_point_box_center,dinov2_multi_sam2__pcb3__fold0__k4__seed4880__prompt_point_box_center,dinov2_multi_sam2,pcb3,4,4880,binary_model_output,,,,,,0.2802252253421791,0.1916583018708698,0.23185926526898634,0.4388932142428704,ff4c07208278376b27a4954d560c715f51453c5e,False,data/manifests/visa_pcb_folds.csv,6fd011da63133ce0135df8ae336b42bd81d65db1586e77b2db3fb61a9914842e,cf99c6d73b8b1249ef49d60c79b5305db8575b344bd4c46bf9ef1041015a14fd,aa2d2a54074420c199a7fadb8bb758379fdab1964689de9678b7bb2a5779d974
prompt_point_box_center,dinov2_multi_sam2__pcb4__fold0__k4__seed4880__prompt_point_box_center,dinov2_multi_sam2,pcb4,4,4880,binary_model_output,,,,,,0.2778873865784416,0.1814001991800583,0.329015796158758,0.3257718918554009,ff4c07208278376b27a4954d560c715f51453c5e,False,data/manifests/visa_pcb_folds.csv,6fd011da63133ce0135df8ae336b42bd81d65db1586e77b2db3fb61a9914842e,08e0b0326ab35a221c7816b62d2504d75bf415399e12c808007b1581eb4b288f,488cb82e706c95daa89a52ae6618a809fd0b1a5ab161492429700132ff5a6b32
area_cap_none,dinov2_multi_sam2__pcb1__fold0__k4__seed4880__area_cap_none,dinov2_multi_sam2,pcb1,4,4880,binary_model_output,,,,,,0.36356844887027656,0.25371836834079997,0.2912573736512857,0.6395595078621941,ff4c07208278376b27a4954d560c715f51453c5e,False,data/manifests/visa_pcb_folds.csv,6fd011da63133ce0135df8ae336b42bd81d65db1586e77b2db3fb61a9914842e,240a967a73763fd8a359a7d6fbc176be21a4d066d93ef215c595276878c1802c,c16808dd30f21015a8ad4a948ca160ef9ba98add7ca3e8338384a18c13400366
area_cap_none,dinov2_multi_sam2__pcb2__fold0__k4__seed4880__area_cap_none,dinov2_multi_sam2,pcb2,4,4880,binary_model_output,,,,,,0.33661078102485503,0.226947864900154,0.25038920164679435,0.5958935551424127,ff4c07208278376b27a4954d560c715f51453c5e,False,data/manifests/visa_pcb_folds.csv,6fd011da63133ce0135df8ae336b42bd81d65db1586e77b2db3fb61a9914842e,87a7d73377fb186266df9efc225e7c0bf54da4b744917700d6e9e557274017b7,fe467b86ea6f1ca3108ba50f98b1950445626cc4a8d32272862e68fd7d5a5b22
area_cap_none,dinov2_multi_sam2__pcb3__fold0__k4__seed4880__area_cap_none,dinov2_multi_sam2,pcb3,4,4880,binary_model_output,,,,,,0.27503152084112825,0.18829987267332096,0.22504206480526284,0.44476855896688966,ff4c07208278376b27a4954d560c715f51453c5e,False,data/manifests/visa_pcb_folds.csv,6fd011da63133ce0135df8ae336b42bd81d65db1586e77b2db3fb61a9914842e,c47fb7a32398bfa358498b60ea1b05fbaff40fae893b30f4a5a52595d5a13546,5a4d921592b77ec7118f5e18b8c9073ccc3ed8e256f8ebae1ca40aad67e52d17
area_cap_none,dinov2_multi_sam2__pcb4__fold0__k4__seed4880__area_cap_none,dinov2_multi_sam2,pcb4,4,4880,binary_model_output,,,,,,0.2669018087622393,0.17396269264531555,0.31667368585283034,0.3093866248858587,ff4c07208278376b27a4954d560c715f51453c5e,False,data/manifests/visa_pcb_folds.csv,6fd011da63133ce0135df8ae336b42bd81d65db1586e77b2db3fb61a9914842e,3dc1e3898167657fc96966cb199f6d31ebd57966c2aa0ee10b62743d6a45e89f,f61d892f918aecfadd29d5dbbc6707d6b750a6d775a0a0c8cc5edce7c64a26fa
area_cap_010,dinov2_multi_sam2__pcb1__fold0__k4__seed4880__area_cap_010,dinov2_multi_sam2,pcb1,4,4880,binary_model_output,,,,,,0.36356844887027656,0.25371836834079997,0.2912573736512857,0.6395595078621941,ff4c07208278376b27a4954d560c715f51453c5e,False,data/manifests/visa_pcb_folds.csv,6fd011da63133ce0135df8ae336b42bd81d65db1586e77b2db3fb61a9914842e,72ef7c4c7e579e3a421609a60f5aae3688a1bfde172ff9ec68b8a2ccee6c665e,fa62663d7b884f91612fd940b4fe15414616ff06afcd5229633a40bb8e92f53b
area_cap_010,dinov2_multi_sam2__pcb2__fold0__k4__seed4880__area_cap_010,dinov2_multi_sam2,pcb2,4,4880,binary_model_output,,,,,,0.33661078102485503,0.226947864900154,0.25038920164679435,0.5958935551424127,ff4c07208278376b27a4954d560c715f51453c5e,False,data/manifests/visa_pcb_folds.csv,6fd011da63133ce0135df8ae336b42bd81d65db1586e77b2db3fb61a9914842e,5de877cbbe36a16e6a5a849661d072c191bc88f609e4a3a886a67bbff6d9449a,fd0480577fd16ecdfd8528b23d069d74364438389ae2ff05dd6f6429bf44801c
area_cap_010,dinov2_multi_sam2__pcb3__fold0__k4__seed4880__area_cap_010,dinov2_multi_sam2,pcb3,4,4880,binary_model_output,,,,,,0.27503152084112825,0.18829987267332096,0.22504206480526284,0.44476855896688966,ff4c07208278376b27a4954d560c715f51453c5e,False,data/manifests/visa_pcb_folds.csv,6fd011da63133ce0135df8ae336b42bd81d65db1586e77b2db3fb61a9914842e,b03543aa43cea572bb9b27471a06e7ea37b2508d09078180c0f7352bccae0341,52c33a4dd5055e8d9443d3ff8ec5c76db0015b2db145bce38176637aed49898b
area_cap_010,dinov2_multi_sam2__pcb4__fold0__k4__seed4880__area_cap_010,dinov2_multi_sam2,pcb4,4,4880,binary_model_output,,,,,,0.2669018087622393,0.17396269264531555,0.31667368585283034,0.3093866248858587,ff4c07208278376b27a4954d560c715f51453c5e,False,data/manifests/visa_pcb_folds.csv,6fd011da63133ce0135df8ae336b42bd81d65db1586e77b2db3fb61a9914842e,22ff567bc115bcb413dfd60849b95c6af5de0cd2d1ef1e5fe9abbfefa4c38e9c,d0639fcdb435f8b12729c02ba57588639dc3dafc9f937b72449a0ae7154d320d
area_cap_050,dinov2_multi_sam2__pcb1__fold0__k4__seed4880__area_cap_050,dinov2_multi_sam2,pcb1,4,4880,binary_model_output,,,,,,0.36356844887027656,0.25371836834079997,0.2912573736512857,0.6395595078621941,ff4c07208278376b27a4954d560c715f51453c5e,False,data/manifests/visa_pcb_folds.csv,6fd011da63133ce0135df8ae336b42bd81d65db1586e77b2db3fb61a9914842e,a5870043295bf13ddc5daf60f726766df7acf5535292c1cfe1bc716a5c3f2916,748ff8173b4a30fb26e4dc9d2290924dc44ff7e50d70c995457f787cd2276f8e
area_cap_050,dinov2_multi_sam2__pcb2__fold0__k4__seed4880__area_cap_050,dinov2_multi_sam2,pcb2,4,4880,binary_model_output,,,,,,0.33661078102485503,0.226947864900154,0.25038920164679435,0.5958935551424127,ff4c07208278376b27a4954d560c715f51453c5e,False,data/manifests/visa_pcb_folds.csv,6fd011da63133ce0135df8ae336b42bd81d65db1586e77b2db3fb61a9914842e,df5c815330bf24b3f1fa77911e033c9be1ea2178efad3770414c72eaf4d44eed,a13ed6e2c1f87ca040ad789e0b35bef4355dfeea761ff743e247fecfd3212a0b
area_cap_050,dinov2_multi_sam2__pcb3__fold0__k4__seed4880__area_cap_050,dinov2_multi_sam2,pcb3,4,4880,binary_model_output,,,,,,0.27503152084112825,0.18829987267332096,0.22504206480526284,0.44476855896688966,ff4c07208278376b27a4954d560c715f51453c5e,False,data/manifests/visa_pcb_folds.csv,6fd011da63133ce0135df8ae336b42bd81d65db1586e77b2db3fb61a9914842e,987e3e94e9730a6b66c0ac04d50a3b2ba92d9ee9d296e62dc63405b047509069,8452ecb69dab1aeb09a4632b62bbfb097068e3247e4aa391f327f1d5b62f14ad
area_cap_050,dinov2_multi_sam2__pcb4__fold0__k4__seed4880__area_cap_050,dinov2_multi_sam2,pcb4,4,4880,binary_model_output,,,,,,0.2669018087622393,0.17396269264531555,0.31667368585283034,0.3093866248858587,ff4c07208278376b27a4954d560c715f51453c5e,False,data/manifests/visa_pcb_folds.csv,6fd011da63133ce0135df8ae336b42bd81d65db1586e77b2db3fb61a9914842e,65083c733fcb7bd6fcb3efccfe71e2318eb71c4efd6397ca755b7608ecd036c2,a384a31e811a9c6e38cedd5419e1bfc01c9b2de82ff517036f745d4b56ac48a5
fusion_union,anomaly_consistent_sam2__pcb1__fold0__k4__seed4880__fusion_union,anomaly_consistent_sam2,pcb1,4,4880,binary_model_output,,,,,,0.3296237747150895,0.23240604509663995,0.2420364020176924,0.7150635760989873,ff4c07208278376b27a4954d560c715f51453c5e,False,data/manifests/visa_pcb_folds.csv,6fd011da63133ce0135df8ae336b42bd81d65db1586e77b2db3fb61a9914842e,7b740970fd7760934b3fa5b1df6ec90a25934202c14602e0e93677bf3f5deb15,6d515f1e707097a98b75a8201a899df3b46308757f0fd93707a63f6098951217
fusion_union,anomaly_consistent_sam2__pcb2__fold0__k4__seed4880__fusion_union,anomaly_consistent_sam2,pcb2,4,4880,binary_model_output,,,,,,0.2588932129913904,0.16048932572849373,0.17257998209113065,0.6416701255442885,ff4c07208278376b27a4954d560c715f51453c5e,False,data/manifests/visa_pcb_folds.csv,6fd011da63133ce0135df8ae336b42bd81d65db1586e77b2db3fb61a9914842e,43c5385e8e697dab15658bb1400e3b59c5ab08ede78297a7815adbe8c02c0318,f1aa604a473ea5827e9d2b11bed965b6b8fca04517ebe7ac2e71f1005482f529
fusion_union,anomaly_consistent_sam2__pcb3__fold0__k4__seed4880__fusion_union,anomaly_consistent_sam2,pcb3,4,4880,binary_model_output,,,,,,0.22743617771556665,0.14357456259195803,0.16360959554263732,0.5161558506324776,ff4c07208278376b27a4954d560c715f51453c5e,False,data/manifests/visa_pcb_folds.csv,6fd011da63133ce0135df8ae336b42bd81d65db1586e77b2db3fb61a9914842e,5d314b45b996ad16fc1c93a967b493ac0ef080abbee7e39b6e944b8cf74a44f4,5e28adeac67ff35798119d7c99d30f6cad0ace4d5f684ba60cd33b88f75f36e7
fusion_union,anomaly_consistent_sam2__pcb4__fold0__k4__seed4880__fusion_union,anomaly_consistent_sam2,pcb4,4,4880,binary_model_output,,,,,,0.22870371495247152,0.13928807845433958,0.21804596654154806,0.351891830849023,ff4c07208278376b27a4954d560c715f51453c5e,False,data/manifests/visa_pcb_folds.csv,6fd011da63133ce0135df8ae336b42bd81d65db1586e77b2db3fb61a9914842e,8fb078eff274be9874110cda5c6dec25c38b5d07a829921b3e8b30cb5649d507,0682023ad6fcf7e12c1dcc0426618cb99dafc4b7e2f71ae867d16b04e258e7cc
fusion_selective,anomaly_consistent_sam2__pcb1__fold0__k4__seed4880__fusion_selective,anomaly_consistent_sam2,pcb1,4,4880,binary_model_output,,,,,,0.41346103001240897,0.2976288325923476,0.3645354704303625,0.5588783172771794,ff4c07208278376b27a4954d560c715f51453c5e,False,data/manifests/visa_pcb_folds.csv,6fd011da63133ce0135df8ae336b42bd81d65db1586e77b2db3fb61a9914842e,ec1b179db01e6052d02456f1a4ff8756d45687b691c61582ae71816fcfce0a15,5f2798b03fe417152b52f0ef8c83dd2a9b0e6ab038f458e5024de94223eaa852
fusion_selective,anomaly_consistent_sam2__pcb2__fold0__k4__seed4880__fusion_selective,anomaly_consistent_sam2,pcb2,4,4880,binary_model_output,,,,,,0.36419350507768017,0.2549980711468609,0.302155133435271,0.5253622182809982,ff4c07208278376b27a4954d560c715f51453c5e,False,data/manifests/visa_pcb_folds.csv,6fd011da63133ce0135df8ae336b42bd81d65db1586e77b2db3fb61a9914842e,6e47298bd33dcd9077227de195c926bbf96ce90aa5fc63eb71de3cdb29177bb0,9d79135875242fd4dad80300bf764cf40dd040d222464f4eea8b79ec496c6c02
fusion_selective,anomaly_consistent_sam2__pcb3__fold0__k4__seed4880__fusion_selective,anomaly_consistent_sam2,pcb3,4,4880,binary_model_output,,,,,,0.30066681697586234,0.20704575883811047,0.2819807603558325,0.3882398754297393,ff4c07208278376b27a4954d560c715f51453c5e,False,data/manifests/visa_pcb_folds.csv,6fd011da63133ce0135df8ae336b42bd81d65db1586e77b2db3fb61a9914842e,aed0fdd2efe7c2f6c338e921223bf99842c1a5339e77feadf32597ec78fa9bd5,e93485ef12a3eac9c637af5f6f9d33c6262851a1b183d2e03d477b27b1724ac1
fusion_selective,anomaly_consistent_sam2__pcb4__fold0__k4__seed4880__fusion_selective,anomaly_consistent_sam2,pcb4,4,4880,binary_model_output,,,,,,0.22688457606223075,0.14722092787541258,0.3295450132258958,0.22966473852230002,ff4c07208278376b27a4954d560c715f51453c5e,False,data/manifests/visa_pcb_folds.csv,6fd011da63133ce0135df8ae336b42bd81d65db1586e77b2db3fb61a9914842e,4c304d6a54670a0882e33f2c4374ca51f79a0b373f8105f858365c549fe4928a,95a3aef1869a83920d86b8ed106af3b057eccb843cfd78b8609ac09d36160d3a
