run_id,method,category,k,seed,oracle_best_pixel_f1,oracle_best_pixel_iou,oracle_best_pixel_threshold,best_pixel_f1,best_pixel_iou,best_pixel_threshold
patchcore__pcb1__fold0__k1__seed4880,patchcore,pcb1,1,4880,0.40021795395722654,0.2501702997275204,0.6980319695580028,0.40021795395722654,0.2501702997275204,0.6980319695580028
patchcore__pcb1__fold0__k1__seed4881,patchcore,pcb1,1,4881,0.5243215565796211,0.3553088133240805,0.6714695416492958,0.5243215565796211,0.3553088133240805,0.6714695416492958
patchcore__pcb1__fold0__k1__seed4882,patchcore,pcb1,1,4882,0.5219042795644467,0.3530923419564845,0.6759549431838168,0.5219042795644467,0.3530923419564845,0.6759549431838168
patchcore__pcb1__fold0__k1__seed4883,patchcore,pcb1,1,4883,0.4831819925821716,0.3185497470489039,0.6905305528477447,0.4831819925821716,0.3185497470489039,0.6905305528477447
patchcore__pcb1__fold0__k1__seed4884,patchcore,pcb1,1,4884,0.45700424499696785,0.2961798459361736,0.6782223352480774,0.45700424499696785,0.2961798459361736,0.6782223352480774
patchcore__pcb1__fold0__k2__seed4880,patchcore,pcb1,2,4880,0.6455544933078394,0.47661902241044646,0.6042215908401867,0.6455544933078394,0.47661902241044646,0.6042215908401867
patchcore__pcb1__fold0__k2__seed4881,patchcore,pcb1,2,4881,0.5521019108280254,0.3813126869611121,0.6528668355218585,0.5521019108280254,0.3813126869611121,0.6528668355218585
patchcore__pcb1__fold0__k2__seed4882,patchcore,pcb1,2,4882,0.5155033813959424,0.3472580367887227,0.6554734119872058,0.5155033813959424,0.3472580367887227,0.6554734119872058
patchcore__pcb1__fold0__k2__seed4883,patchcore,pcb1,2,4883,0.5731417863835103,0.40168096655576957,0.6489642638049713,0.5731417863835103,0.40168096655576957,0.6489642638049713
patchcore__pcb1__fold0__k2__seed4884,patchcore,pcb1,2,4884,0.5532132362335505,0.38237371953373367,0.6544395159426968,0.5532132362335505,0.38237371953373367,0.6544395159426968
patchcore__pcb1__fold0__k4__seed4880,patchcore,pcb1,4,4880,0.6783774413498207,0.5132913606155999,0.5710141050488982,0.6783774413498207,0.5132913606155999,0.5710141050488982
patchcore__pcb1__fold0__k4__seed4881,patchcore,pcb1,4,4881,0.5538945712037765,0.383025027203482,0.6466538934091766,0.5538945712037765,0.383025027203482,0.6466538934091766
patchcore__pcb1__fold0__k4__seed4882,patchcore,pcb1,4,4882,0.6581609195402298,0.49049169093712525,0.5685290565929301,0.6581609195402298,0.49049169093712525,0.5685290565929301
patchcore__pcb1__fold0__k4__seed4883,patchcore,pcb1,4,4883,0.6507971656333038,0.48235680288856064,0.5719674001584547,0.6507971656333038,0.48235680288856064,0.5719674001584547
patchcore__pcb1__fold0__k4__seed4884,patchcore,pcb1,4,4884,0.5492976588628763,0.37864256731833273,0.653592017648738,0.5492976588628763,0.37864256731833273,0.653592017648738
patchcore__pcb2__fold0__k1__seed4880,patchcore,pcb2,1,4880,0.1679936305732484,0.09169926119078661,0.6274988071559227,0.1679936305732484,0.09169926119078661,0.6274988071559227
patchcore__pcb2__fold0__k1__seed4881,patchcore,pcb2,1,4881,0.23197060174552134,0.13120290984671343,0.626090462193797,0.23197060174552134,0.13120290984671343,0.626090462193797
patchcore__pcb2__fold0__k1__seed4882,patchcore,pcb2,1,4882,0.16134786917740335,0.0877533419577404,0.6282140681421686,0.16134786917740335,0.0877533419577404,0.6282140681421686
patchcore__pcb2__fold0__k1__seed4883,patchcore,pcb2,1,4883,0.18481518481518483,0.10181618051733626,0.6228181264288505,0.18481518481518483,0.10181618051733626,0.6228181264288505
patchcore__pcb2__fold0__k1__seed4884,patchcore,pcb2,1,4884,0.17612076852698993,0.09656383245548031,0.6249243065335746,0.17612076852698993,0.09656383245548031,0.6249243065335746
patchcore__pcb2__fold0__k2__seed4880,patchcore,pcb2,2,4880,0.2651162790697675,0.15281501340482573,0.5835268044891656,0.2651162790697675,0.15281501340482573,0.5835268044891656
patchcore__pcb2__fold0__k2__seed4881,patchcore,pcb2,2,4881,0.27342256214149135,0.1583610188261351,0.5738695855243332,0.27342256214149135,0.1583610188261351,0.5738695855243332
patchcore__pcb2__fold0__k2__seed4882,patchcore,pcb2,2,4882,0.30322814653609,0.17870884993587002,0.562663112426224,0.30322814653609,0.17870884993587002,0.562663112426224
patchcore__pcb2__fold0__k2__seed4883,patchcore,pcb2,2,4883,0.2571428571428571,0.14754098360655737,0.5766023997574636,0.2571428571428571,0.14754098360655737,0.5766023997574636
patchcore__pcb2__fold0__k2__seed4884,patchcore,pcb2,2,4884,0.30783159800814847,0.1819154628143392,0.5837149981941496,0.30783159800814847,0.1819154628143392,0.5837149981941496
patchcore__pcb2__fold0__k4__seed4880,patchcore,pcb2,4,4880,0.30354999142514155,0.1789324706833805,0.5415378955945577,0.30354999142514155,0.1789324706833805,0.5415378955945577
patchcore__pcb2__fold0__k4__seed4881,patchcore,pcb2,4,4881,0.33140078548718904,0.19861017709033849,0.544212838908231,0.33140078548718904,0.19861017709033849,0.544212838908231
patchcore__pcb2__fold0__k4__seed4882,patchcore,pcb2,4,4882,0.32304038004750596,0.19263456090651557,0.5330022940896961,0.32304038004750596,0.19263456090651557,0.5330022940896961
patchcore__pcb2__fold0__k4__seed4883,patchcore,pcb2,4,4883,0.3038021410114433,0.17910772578890097,0.5420568725367582,0.3038021410114433,0.17910772578890097,0.5420568725367582
patchcore__pcb2__fold0__k4__seed4884,patchcore,pcb2,4,4884,0.33203125,0.1990632318501171,0.5406927165744823,0.33203125,0.1990632318501171,0.5406927165744823
patchcore__pcb3__fold0__k1__seed4880,patchcore,pcb3,1,4880,0.30502523590081193,0.1799585706887623,0.6524147034391266,0.30502523590081193,0.1799585706887623,0.6524147034391266
patchcore__pcb3__fold0__k1__seed4881,patchcore,pcb3,1,4881,0.39160200821542673,0.2434733257661748,0.6481103087591331,0.39160200821542673,0.2434733257661748,0.6481103087591331
patchcore__pcb3__fold0__k1__seed4882,patchcore,pcb3,1,4882,0.2105811832160542,0.11768132828429945,0.6910395775055932,0.2105811832160542,0.11768132828429945,0.6910395775055932
patchcore__pcb3__fold0__k1__seed4883,patchcore,pcb3,1,4883,0.26254434870755194,0.15110851808634773,0.6622600230860384,0.26254434870755194,0.15110851808634773,0.6622600230860384
patchcore__pcb3__fold0__k1__seed4884,patchcore,pcb3,1,4884,0.24726934696723218,0.14107663749668523,0.6827806239317075,0.24726934696723218,0.14107663749668523,0.6827806239317075
patchcore__pcb3__fold0__k2__seed4880,patchcore,pcb3,2,4880,0.44308111792774374,0.28458844133099825,0.608962926729318,0.44308111792774374,0.28458844133099825,0.608962926729318
patchcore__pcb3__fold0__k2__seed4881,patchcore,pcb3,2,4881,0.4021868314713573,0.2517108003570366,0.6191856018076204,0.4021868314713573,0.2517108003570366,0.6191856018076204
patchcore__pcb3__fold0__k2__seed4882,patchcore,pcb3,2,4882,0.3761713520749665,0.23165704863973618,0.6268051744907103,0.3761713520749665,0.23165704863973618,0.6268051744907103
patchcore__pcb3__fold0__k2__seed4883,patchcore,pcb3,2,4883,0.3121471498816245,0.18493741907639188,0.6121231455159047,0.3121471498816245,0.18493741907639188,0.6121231455159047
patchcore__pcb3__fold0__k2__seed4884,patchcore,pcb3,2,4884,0.3619736282433007,0.22098156323032977,0.6199955236305229,0.3619736282433007,0.22098156323032977,0.6199955236305229
patchcore__pcb3__fold0__k4__seed4880,patchcore,pcb3,4,4880,0.4335600907029478,0.27678054429646787,0.583591310770311,0.4335600907029478,0.27678054429646787,0.583591310770311
patchcore__pcb3__fold0__k4__seed4881,patchcore,pcb3,4,4881,0.4418336788758351,0.2835600236546422,0.5893515717901595,0.4418336788758351,0.2835600236546422,0.5893515717901595
patchcore__pcb3__fold0__k4__seed4882,patchcore,pcb3,4,4882,0.4669035984007108,0.30454940596928426,0.5849624484369199,0.4669035984007108,0.30454940596928426,0.5849624484369199
patchcore__pcb3__fold0__k4__seed4883,patchcore,pcb3,4,4883,0.40766138567037125,0.25601425601425604,0.5927064496360412,0.40766138567037125,0.25601425601425604,0.5927064496360412
patchcore__pcb3__fold0__k4__seed4884,patchcore,pcb3,4,4884,0.4178674351585015,0.2641165755919854,0.5929648270812287,0.4178674351585015,0.2641165755919854,0.5929648270812287
patchcore__pcb4__fold0__k1__seed4880,patchcore,pcb4,1,4880,0.13180911462329295,0.07055441478439425,0.6092674728708958,0.13180911462329295,0.07055441478439425,0.6092674728708958
patchcore__pcb4__fold0__k1__seed4881,patchcore,pcb4,1,4881,0.08767772511848342,0.04584882280049566,0.6018931087682392,0.08767772511848342,0.04584882280049566,0.6018931087682392
patchcore__pcb4__fold0__k1__seed4882,patchcore,pcb4,1,4882,0.14836398955867178,0.08012589338404039,0.6151181828894028,0.14836398955867178,0.08012589338404039,0.6151181828894028
patchcore__pcb4__fold0__k1__seed4883,patchcore,pcb4,1,4883,0.116439454691259,0.06181880108991825,0.6188339799234313,0.116439454691259,0.06181880108991825,0.6188339799234313
patchcore__pcb4__fold0__k1__seed4884,patchcore,pcb4,1,4884,0.1745945526499573,0.09564699880972624,0.6069488791336985,0.1745945526499573,0.09564699880972624,0.6069488791336985
patchcore__pcb4__fold0__k2__seed4880,patchcore,pcb4,2,4880,0.26906963876373413,0.15544798611745364,0.558066627750658,0.26906963876373413,0.15544798611745364,0.558066627750658
patchcore__pcb4__fold0__k2__seed4881,patchcore,pcb4,2,4881,0.30188410949164596,0.17777591693183722,0.5610992931806411,0.30188410949164596,0.17777591693183722,0.5610992931806411
patchcore__pcb4__fold0__k2__seed4882,patchcore,pcb4,2,4882,0.3504931960544316,0.21248363160192055,0.5666238420630154,0.3504931960544316,0.21248363160192055,0.5666238420630154
patchcore__pcb4__fold0__k2__seed4883,patchcore,pcb4,2,4883,0.285252127435122,0.16635222705274383,0.5567525047845336,0.285252127435122,0.16635222705274383,0.5567525047845336
patchcore__pcb4__fold0__k2__seed4884,patchcore,pcb4,2,4884,0.26888353897080947,0.15532377227292482,0.5654606034144497,0.26888353897080947,0.15532377227292482,0.5654606034144497
patchcore__pcb4__fold0__k4__seed4880,patchcore,pcb4,4,4880,0.3830990340061258,0.23693413639013017,0.5180821033839843,0.3830990340061258,0.23693413639013017,0.5180821033839843
patchcore__pcb4__fold0__k4__seed4881,patchcore,pcb4,4,4881,0.352752348115563,0.2141465175027066,0.5123147566141215,0.352752348115563,0.2141465175027066,0.5123147566141215
patchcore__pcb4__fold0__k4__seed4882,patchcore,pcb4,4,4882,0.35936947762776567,0.2190435157259802,0.5325179063002423,0.35936947762776567,0.2190435157259802,0.5325179063002423
patchcore__pcb4__fold0__k4__seed4883,patchcore,pcb4,4,4883,0.34900387928200405,0.21138988450816407,0.527608597611028,0.34900387928200405,0.21138988450816407,0.527608597611028
patchcore__pcb4__fold0__k4__seed4884,patchcore,pcb4,4,4884,0.34078781701540856,0.20539134205391343,0.522321304346484,0.34078781701540856,0.20539134205391343,0.522321304346484
dinov2_single__pcb1__fold0__k1__seed4880,dinov2_single,pcb1,1,4880,0.600898827140195,0.42948918834221245,0.7608308133226318,0.600898827140195,0.42948918834221245,0.7608308133226318
dinov2_single__pcb1__fold0__k1__seed4881,dinov2_single,pcb1,1,4881,0.6446854663774403,0.47567221510883484,0.7555481296637754,0.6446854663774403,0.47567221510883484,0.7555481296637754
dinov2_single__pcb1__fold0__k1__seed4882,dinov2_single,pcb1,1,4882,0.5827371336256636,0.4111708190848396,0.7858909710133613,0.5827371336256636,0.4111708190848396,0.7858909710133613
dinov2_single__pcb1__fold0__k1__seed4883,dinov2_single,pcb1,1,4883,0.566225165562914,0.394919168591224,0.7508541104728228,0.566225165562914,0.394919168591224,0.7508541104728228
dinov2_single__pcb1__fold0__k1__seed4884,dinov2_single,pcb1,1,4884,0.6394934705184012,0.4700407213496219,0.7533574456571366,0.6394934705184012,0.4700407213496219,0.7533574456571366
dinov2_single__pcb1__fold0__k2__seed4880,dinov2_single,pcb1,2,4880,0.708675199649929,0.5487970179600136,0.6568811955458964,0.708675199649929,0.5487970179600136,0.6568811955458964
dinov2_single__pcb1__fold0__k2__seed4881,dinov2_single,pcb1,2,4881,0.6348273328434973,0.465016146393972,0.7375437889080458,0.6348273328434973,0.465016146393972,0.7375437889080458
dinov2_single__pcb1__fold0__k2__seed4882,dinov2_single,pcb1,2,4882,0.628180239092674,0.45791747355876655,0.7293692595833902,0.628180239092674,0.45791747355876655,0.7293692595833902
dinov2_single__pcb1__fold0__k2__seed4883,dinov2_single,pcb1,2,4883,0.5832909331433804,0.41172245367044963,0.7217907507388093,0.5832909331433804,0.41172245367044963,0.7217907507388093
dinov2_single__pcb1__fold0__k2__seed4884,dinov2_single,pcb1,2,4884,0.6165141305441013,0.4456237278278569,0.7365610479521192,0.6165141305441013,0.4456237278278569,0.7365610479521192
dinov2_single__pcb1__fold0__k4__seed4880,dinov2_single,pcb1,4,4880,0.7074565663105643,0.5473367841041911,0.626359296375758,0.7074565663105643,0.5473367841041911,0.626359296375758
dinov2_single__pcb1__fold0__k4__seed4881,dinov2_single,pcb1,4,4881,0.6361270171785529,0.466412213740458,0.7236470341274184,0.6361270171785529,0.466412213740458,0.7236470341274184
dinov2_single__pcb1__fold0__k4__seed4882,dinov2_single,pcb1,4,4882,0.6998894805586257,0.5383307573415765,0.6152586624930283,0.6998894805586257,0.5383307573415765,0.6152586624930283
dinov2_single__pcb1__fold0__k4__seed4883,dinov2_single,pcb1,4,4883,0.7419753086419753,0.5897939156035329,0.6329897837950292,0.7419753086419753,0.5897939156035329,0.6329897837950292
dinov2_single__pcb1__fold0__k4__seed4884,dinov2_single,pcb1,4,4884,0.6134779240898528,0.4424581005586592,0.71422546489598,0.6134779240898528,0.4424581005586592,0.71422546489598
dinov2_single__pcb2__fold0__k1__seed4880,dinov2_single,pcb2,1,4880,0.1197500363319285,0.06368835987014995,0.6882900669733372,0.1197500363319285,0.06368835987014995,0.6882900669733372
dinov2_single__pcb2__fold0__k1__seed4881,dinov2_single,pcb2,1,4881,0.13315354795213213,0.07132538822679668,0.6627086083570572,0.13315354795213213,0.07132538822679668,0.6627086083570572
dinov2_single__pcb2__fold0__k1__seed4882,dinov2_single,pcb2,1,4882,0.17535153019023983,0.09610154125113328,0.6457044927953741,0.17535153019023983,0.09610154125113328,0.6457044927953741
dinov2_single__pcb2__fold0__k1__seed4883,dinov2_single,pcb2,1,4883,0.15220700152207,0.08237232289950576,0.6442078455786882,0.15220700152207,0.08237232289950576,0.6442078455786882
dinov2_single__pcb2__fold0__k1__seed4884,dinov2_single,pcb2,1,4884,0.2096638655462185,0.11710865993898147,0.6402826452675164,0.2096638655462185,0.11710865993898147,0.6402826452675164
dinov2_single__pcb2__fold0__k2__seed4880,dinov2_single,pcb2,2,4880,0.18809980806142032,0.1038135593220339,0.6509866281731488,0.18809980806142032,0.1038135593220339,0.6509866281731488
dinov2_single__pcb2__fold0__k2__seed4881,dinov2_single,pcb2,2,4881,0.21379863618130765,0.11969458791825735,0.6172987442543829,0.21379863618130765,0.11969458791825735,0.6172987442543829
dinov2_single__pcb2__fold0__k2__seed4882,dinov2_single,pcb2,2,4882,0.19062554451995123,0.10535439137134052,0.6035490571256953,0.19062554451995123,0.10535439137134052,0.6035490571256953
dinov2_single__pcb2__fold0__k2__seed4883,dinov2_single,pcb2,2,4883,0.189082462253194,0.10441251924063623,0.6407662237868617,0.189082462253194,0.10441251924063623,0.6407662237868617
dinov2_single__pcb2__fold0__k2__seed4884,dinov2_single,pcb2,2,4884,0.22501011736139215,0.12676698586411309,0.6097902895303156,0.22501011736139215,0.12676698586411309,0.6097902895303156
dinov2_single__pcb2__fold0__k4__seed4880,dinov2_single,pcb2,4,4880,0.22877442273534637,0.1291616526273566,0.5849707266151789,0.22877442273534637,0.1291616526273566,0.5849707266151789
dinov2_single__pcb2__fold0__k4__seed4881,dinov2_single,pcb2,4,4881,0.25063078216989065,0.14326923076923076,0.5865405412161186,0.25063078216989065,0.14326923076923076,0.5865405412161186
dinov2_single__pcb2__fold0__k4__seed4882,dinov2_single,pcb2,4,4882,0.22352430555555555,0.12582457854874177,0.595051902402812,0.22352430555555555,0.12582457854874177,0.595051902402812
dinov2_single__pcb2__fold0__k4__seed4883,dinov2_single,pcb2,4,4883,0.23532048408785297,0.1333502667005334,0.5950995565860473,0.23532048408785297,0.1333502667005334,0.5950995565860473
dinov2_single__pcb2__fold0__k4__seed4884,dinov2_single,pcb2,4,4884,0.24033341051169255,0.13657894736842105,0.6034767774978029,0.24033341051169255,0.13657894736842105,0.6034767774978029
dinov2_single__pcb3__fold0__k1__seed4880,dinov2_single,pcb3,1,4880,0.17602557272242939,0.09650660123846244,0.6521021608416349,0.17602557272242939,0.09650660123846244,0.6521021608416349
dinov2_single__pcb3__fold0__k1__seed4881,dinov2_single,pcb3,1,4881,0.2682828282828283,0.15492300513299112,0.6907538559338817,0.2682828282828283,0.15492300513299112,0.6907538559338817
dinov2_single__pcb3__fold0__k1__seed4882,dinov2_single,pcb3,1,4882,0.1748987854251012,0.09582963620230701,0.6474963024900151,0.1748987854251012,0.09582963620230701,0.6474963024900151
dinov2_single__pcb3__fold0__k1__seed4883,dinov2_single,pcb3,1,4883,0.13976872800402212,0.07513513513513513,0.6430270504461575,0.13976872800402212,0.07513513513513513,0.6430270504461575
dinov2_single__pcb3__fold0__k1__seed4884,dinov2_single,pcb3,1,4884,0.3054467782128872,0.18025210084033613,0.6714912198790133,0.3054467782128872,0.18025210084033613,0.6714912198790133
dinov2_single__pcb3__fold0__k2__seed4880,dinov2_single,pcb3,2,4880,0.25240384615384615,0.14442916093535077,0.6439290308701549,0.25240384615384615,0.14442916093535077,0.6439290308701549
dinov2_single__pcb3__fold0__k2__seed4881,dinov2_single,pcb3,2,4881,0.2898849390348618,0.16951195019080137,0.6546485001501972,0.2898849390348618,0.16951195019080137,0.6546485001501972
dinov2_single__pcb3__fold0__k2__seed4882,dinov2_single,pcb3,2,4882,0.27128511133750544,0.15692877588819668,0.6176829711623388,0.27128511133750544,0.15692877588819668,0.6176829711623388
dinov2_single__pcb3__fold0__k2__seed4883,dinov2_single,pcb3,2,4883,0.2014987510407993,0.11203703703703703,0.6371781351864921,0.2014987510407993,0.11203703703703703,0.6371781351864921
dinov2_single__pcb3__fold0__k2__seed4884,dinov2_single,pcb3,2,4884,0.3358014808885331,0.20177970177970178,0.6526154104452544,0.3358014808885331,0.20177970177970178,0.6526154104452544
dinov2_single__pcb3__fold0__k4__seed4880,dinov2_single,pcb3,4,4880,0.28207396920898953,0.16419447878038732,0.61741830551461,0.28207396920898953,0.16419447878038732,0.61741830551461
dinov2_single__pcb3__fold0__k4__seed4881,dinov2_single,pcb3,4,4881,0.36339926103021086,0.22204515272244357,0.6429230678979665,0.36339926103021086,0.22204515272244357,0.6429230678979665
dinov2_single__pcb3__fold0__k4__seed4882,dinov2_single,pcb3,4,4882,0.3440794499618029,0.20778741465214984,0.5922343775688319,0.3440794499618029,0.20778741465214984,0.5922343775688319
dinov2_single__pcb3__fold0__k4__seed4883,dinov2_single,pcb3,4,4883,0.27244793444861726,0.15770750988142293,0.618176143434183,0.27244793444861726,0.15770750988142293,0.618176143434183
dinov2_single__pcb3__fold0__k4__seed4884,dinov2_single,pcb3,4,4884,0.3539147040101846,0.21500386697602475,0.6426580930730135,0.3539147040101846,0.21500386697602475,0.6426580930730135
dinov2_single__pcb4__fold0__k1__seed4880,dinov2_single,pcb4,1,4880,0.16974490041953996,0.09274384781577699,0.5677808630198182,0.16974490041953996,0.09274384781577699,0.5677808630198182
dinov2_single__pcb4__fold0__k1__seed4881,dinov2_single,pcb4,1,4881,0.21041998936735778,0.11758065474422197,0.5740094242030627,0.21041998936735778,0.11758065474422197,0.5740094242030627
dinov2_single__pcb4__fold0__k1__seed4882,dinov2_single,pcb4,1,4882,0.20432102459752233,0.11378482868950807,0.5941467870704815,0.20432102459752233,0.11378482868950807,0.5941467870704815
dinov2_single__pcb4__fold0__k1__seed4883,dinov2_single,pcb4,1,4883,0.21269393511988716,0.11900252525252525,0.5817581373476469,0.21269393511988716,0.11900252525252525,0.5817581373476469
dinov2_single__pcb4__fold0__k1__seed4884,dinov2_single,pcb4,1,4884,0.19873723962943293,0.110332175850095,0.5958191559535183,0.19873723962943293,0.110332175850095,0.5958191559535183
dinov2_single__pcb4__fold0__k2__seed4880,dinov2_single,pcb4,2,4880,0.22375397667020144,0.12597014925373134,0.5304425461418242,0.22375397667020144,0.12597014925373134,0.5304425461418242
dinov2_single__pcb4__fold0__k2__seed4881,dinov2_single,pcb4,2,4881,0.22923693756761918,0.12945658424381828,0.5668601510926002,0.22923693756761918,0.12945658424381828,0.5668601510926002
dinov2_single__pcb4__fold0__k2__seed4882,dinov2_single,pcb4,2,4882,0.23504248113599907,0.13317174981485222,0.5582925964970644,0.23504248113599907,0.13317174981485222,0.5582925964970644
dinov2_single__pcb4__fold0__k2__seed4883,dinov2_single,pcb4,2,4883,0.21452077334430275,0.12014744845063932,0.538437571558817,0.21452077334430275,0.12014744845063932,0.538437571558817
dinov2_single__pcb4__fold0__k2__seed4884,dinov2_single,pcb4,2,4884,0.21917808219178084,0.12307692307692308,0.5531924943751318,0.21917808219178084,0.12307692307692308,0.5531924943751318
dinov2_single__pcb4__fold0__k4__seed4880,dinov2_single,pcb4,4,4880,0.24315826248981023,0.1384064695744399,0.5062593157219093,0.24315826248981023,0.1384064695744399,0.5062593157219093
dinov2_single__pcb4__fold0__k4__seed4881,dinov2_single,pcb4,4,4881,0.24450413902746557,0.13927924551870588,0.5183603254141407,0.24450413902746557,0.13927924551870588,0.5183603254141407
dinov2_single__pcb4__fold0__k4__seed4882,dinov2_single,pcb4,4,4882,0.26575651136589573,0.15324059920513605,0.5361100502472568,0.26575651136589573,0.15324059920513605,0.5361100502472568
dinov2_single__pcb4__fold0__k4__seed4883,dinov2_single,pcb4,4,4883,0.2509067126464118,0.14344958868719832,0.5277139348526523,0.2509067126464118,0.14344958868719832,0.5277139348526523
dinov2_single__pcb4__fold0__k4__seed4884,dinov2_single,pcb4,4,4884,0.26005273566249176,0.14946012502367872,0.5223854394691565,0.26005273566249176,0.14946012502367872,0.5223854394691565
dinov2_multi__pcb1__fold0__k1__seed4880,dinov2_multi,pcb1,1,4880,0.5703271285383852,0.3989214175654854,0.8920459463871622,0.5703271285383852,0.3989214175654854,0.8920459463871622
dinov2_multi__pcb1__fold0__k1__seed4881,dinov2_multi,pcb1,1,4881,0.6377152636645631,0.4681218592964824,0.8728237387718754,0.6377152636645631,0.4681218592964824,0.8728237387718754
dinov2_multi__pcb1__fold0__k1__seed4882,dinov2_multi,pcb1,1,4882,0.5828571428571429,0.4112903225806452,0.9036413395591445,0.5828571428571429,0.4112903225806452,0.9036413395591445
dinov2_multi__pcb1__fold0__k1__seed4883,dinov2_multi,pcb1,1,4883,0.5926431847009465,0.42110371602884084,0.8447779790587622,0.5926431847009465,0.42110371602884084,0.8447779790587622
dinov2_multi__pcb1__fold0__k1__seed4884,dinov2_multi,pcb1,1,4884,0.6288094270621699,0.45858645725292635,0.8803347355582243,0.6288094270621699,0.45858645725292635,0.8803347355582243
dinov2_multi__pcb1__fold0__k2__seed4880,dinov2_multi,pcb1,2,4880,0.6444517042360883,0.4754177377892031,0.83146314900332,0.6444517042360883,0.4754177377892031,0.83146314900332
dinov2_multi__pcb1__fold0__k2__seed4881,dinov2_multi,pcb1,2,4881,0.6512558791153807,0.4828609585991987,0.8505225018279193,0.6512558791153807,0.4828609585991987,0.8505225018279193
dinov2_multi__pcb1__fold0__k2__seed4882,dinov2_multi,pcb1,2,4882,0.6512437301668543,0.4828476017000607,0.851782500743866,0.6512437301668543,0.4828476017000607,0.851782500743866
dinov2_multi__pcb1__fold0__k2__seed4883,dinov2_multi,pcb1,2,4883,0.6132245517503083,0.44219455465864005,0.8284642499545316,0.6132245517503083,0.44219455465864005,0.8284642499545316
dinov2_multi__pcb1__fold0__k2__seed4884,dinov2_multi,pcb1,2,4884,0.627062706270627,0.4567307692307692,0.8566934248239326,0.627062706270627,0.4567307692307692,0.8566934248239326
dinov2_multi__pcb1__fold0__k4__seed4880,dinov2_multi,pcb1,4,4880,0.6463351597229401,0.4774705972201008,0.7984178083166917,0.6463351597229401,0.4774705972201008,0.7984178083166917
dinov2_multi__pcb1__fold0__k4__seed4881,dinov2_multi,pcb1,4,4881,0.6547440565431569,0.4867059385448177,0.8499898406332487,0.6547440565431569,0.4867059385448177,0.8499898406332487
dinov2_multi__pcb1__fold0__k4__seed4882,dinov2_multi,pcb1,4,4882,0.6394611727416799,0.47000582411182296,0.7886859290520505,0.6394611727416799,0.47000582411182296,0.7886859290520505
dinov2_multi__pcb1__fold0__k4__seed4883,dinov2_multi,pcb1,4,4883,0.7027989318563939,0.5417810308020738,0.797690646172503,0.7027989318563939,0.5417810308020738,0.797690646172503
dinov2_multi__pcb1__fold0__k4__seed4884,dinov2_multi,pcb1,4,4884,0.6537052117263843,0.48555874792076215,0.837230592791115,0.6537052117263843,0.48555874792076215,0.837230592791115
dinov2_multi__pcb2__fold0__k1__seed4880,dinov2_multi,pcb2,1,4880,0.13013040494166095,0.06959330494787844,0.8384466889786393,0.13013040494166095,0.06959330494787844,0.8384466889786393
dinov2_multi__pcb2__fold0__k1__seed4881,dinov2_multi,pcb2,1,4881,0.14271749755620725,0.07684210526315789,0.8309442221301876,0.14271749755620725,0.07684210526315789,0.8309442221301876
dinov2_multi__pcb2__fold0__k1__seed4882,dinov2_multi,pcb2,1,4882,0.202736665735828,0.11280298321939093,0.7981650064136184,0.202736665735828,0.11280298321939093,0.7981650064136184
dinov2_multi__pcb2__fold0__k1__seed4883,dinov2_multi,pcb2,1,4883,0.17266562336984875,0.09449043676848416,0.8259159777379083,0.17266562336984875,0.09449043676848416,0.8259159777379083
dinov2_multi__pcb2__fold0__k1__seed4884,dinov2_multi,pcb2,1,4884,0.24948665297741274,0.14252199413489736,0.7873914220795006,0.24948665297741274,0.14252199413489736,0.7873914220795006
dinov2_multi__pcb2__fold0__k2__seed4880,dinov2_multi,pcb2,2,4880,0.21970202357126972,0.12340744441668748,0.7870315475764806,0.21970202357126972,0.12340744441668748,0.7870315475764806
dinov2_multi__pcb2__fold0__k2__seed4881,dinov2_multi,pcb2,2,4881,0.2561600390339107,0.14689423614997202,0.7653351064822445,0.2561600390339107,0.14689423614997202,0.7653351064822445
dinov2_multi__pcb2__fold0__k2__seed4882,dinov2_multi,pcb2,2,4882,0.210573881608676,0.11767676767676767,0.7567318255362445,0.210573881608676,0.11767676767676767,0.7567318255362445
dinov2_multi__pcb2__fold0__k2__seed4883,dinov2_multi,pcb2,2,4883,0.22405745062836624,0.12616255560048525,0.7398950732850749,0.22405745062836624,0.12616255560048525,0.7398950732850749
dinov2_multi__pcb2__fold0__k2__seed4884,dinov2_multi,pcb2,2,4884,0.25038436195914787,0.14310820989204118,0.7456825157434273,0.25038436195914787,0.14310820989204118,0.7456825157434273
dinov2_multi__pcb2__fold0__k4__seed4880,dinov2_multi,pcb2,4,4880,0.2773844231570179,0.16102514506769827,0.7387235213632453,0.2773844231570179,0.16102514506769827,0.7387235213632453
dinov2_multi__pcb2__fold0__k4__seed4881,dinov2_multi,pcb2,4,4881,0.2736974262397991,0.15854545454545454,0.7213649104719293,0.2736974262397991,0.15854545454545454,0.7213649104719293
dinov2_multi__pcb2__fold0__k4__seed4882,dinov2_multi,pcb2,4,4882,0.2356392080175996,0.13355500138542534,0.7399647013665178,0.2356392080175996,0.13355500138542534,0.7399647013665178
dinov2_multi__pcb2__fold0__k4__seed4883,dinov2_multi,pcb2,4,4883,0.24443945180858234,0.13923726644484258,0.737522876717573,0.24443945180858234,0.13923726644484258,0.737522876717573
dinov2_multi__pcb2__fold0__k4__seed4884,dinov2_multi,pcb2,4,4884,0.2680952380952381,0.154797910365686,0.7393137492137412,0.2680952380952381,0.154797910365686,0.7393137492137412
dinov2_multi__pcb3__fold0__k1__seed4880,dinov2_multi,pcb3,1,4880,0.16659017898118403,0.09086357947434293,0.8451461892305289,0.16659017898118403,0.09086357947434293,0.8451461892305289
dinov2_multi__pcb3__fold0__k1__seed4881,dinov2_multi,pcb3,1,4881,0.19309008718114307,0.10686204431736955,0.8315451334134007,0.19309008718114307,0.10686204431736955,0.8315451334134007
dinov2_multi__pcb3__fold0__k1__seed4882,dinov2_multi,pcb3,1,4882,0.17958454322090686,0.09865030674846625,0.8315205166951085,0.17958454322090686,0.09865030674846625,0.8315205166951085
dinov2_multi__pcb3__fold0__k1__seed4883,dinov2_multi,pcb3,1,4883,0.17963875205254515,0.09868302363341151,0.8353724760785262,0.17963875205254515,0.09868302363341151,0.8353724760785262
dinov2_multi__pcb3__fold0__k1__seed4884,dinov2_multi,pcb3,1,4884,0.20260054429996976,0.11271870794078062,0.8174201106022015,0.20260054429996976,0.11271870794078062,0.8174201106022015
dinov2_multi__pcb3__fold0__k2__seed4880,dinov2_multi,pcb3,2,4880,0.2183163737280296,0.122533748701973,0.7912477233871789,0.2183163737280296,0.122533748701973,0.7912477233871789
dinov2_multi__pcb3__fold0__k2__seed4881,dinov2_multi,pcb3,2,4881,0.28715459297983564,0.16764770002180074,0.8023161348064818,0.28715459297983564,0.16764770002180074,0.8023161348064818
dinov2_multi__pcb3__fold0__k2__seed4882,dinov2_multi,pcb3,2,4882,0.23582141010170662,0.13367207348055501,0.786763662461432,0.23582141010170662,0.13367207348055501,0.786763662461432
dinov2_multi__pcb3__fold0__k2__seed4883,dinov2_multi,pcb3,2,4883,0.20295909486510008,0.1129407206509105,0.7992880189255492,0.20295909486510008,0.1129407206509105,0.7992880189255492
dinov2_multi__pcb3__fold0__k2__seed4884,dinov2_multi,pcb3,2,4884,0.2237422100623195,0.12596269039876776,0.7944840878656466,0.2237422100623195,0.12596269039876776,0.7944840878656466
dinov2_multi__pcb3__fold0__k4__seed4880,dinov2_multi,pcb3,4,4880,0.2279000372995151,0.12860450431488107,0.778722118258243,0.2279000372995151,0.12860450431488107,0.778722118258243
dinov2_multi__pcb3__fold0__k4__seed4881,dinov2_multi,pcb3,4,4881,0.31830238726790455,0.1892744479495268,0.7917804948970997,0.31830238726790455,0.1892744479495268,0.7917804948970997
dinov2_multi__pcb3__fold0__k4__seed4882,dinov2_multi,pcb3,4,4882,0.25307621671258035,0.14486963835155592,0.7782494102088906,0.25307621671258035,0.14486963835155592,0.7782494102088906
dinov2_multi__pcb3__fold0__k4__seed4883,dinov2_multi,pcb3,4,4883,0.24630924630924628,0.14045192733717324,0.785041722532821,0.24630924630924628,0.14045192733717324,0.785041722532821
dinov2_multi__pcb3__fold0__k4__seed4884,dinov2_multi,pcb3,4,4884,0.2635869565217391,0.15179968701095461,0.7827865766569126,0.2635869565217391,0.15179968701095461,0.7827865766569126
dinov2_multi__pcb4__fold0__k1__seed4880,dinov2_multi,pcb4,1,4880,0.15356460852959897,0.0831681461690942,0.7762281403033001,0.15356460852959897,0.0831681461690942,0.7762281403033001
dinov2_multi__pcb4__fold0__k1__seed4881,dinov2_multi,pcb4,1,4881,0.1880003598093011,0.10375297855440826,0.7870319798267984,0.1880003598093011,0.10375297855440826,0.7870319798267984
dinov2_multi__pcb4__fold0__k1__seed4882,dinov2_multi,pcb4,1,4882,0.17,0.09289617486338798,0.7895328591481114,0.17,0.09289617486338798,0.7895328591481114
dinov2_multi__pcb4__fold0__k1__seed4883,dinov2_multi,pcb4,1,4883,0.18355128407121474,0.10104952727903548,0.7823126117777218,0.18355128407121474,0.10104952727903548,0.7823126117777218
dinov2_multi__pcb4__fold0__k1__seed4884,dinov2_multi,pcb4,1,4884,0.16641150236304333,0.09075727873375444,0.7761298499112026,0.16641150236304333,0.09075727873375444,0.7761298499112026
dinov2_multi__pcb4__fold0__k2__seed4880,dinov2_multi,pcb4,2,4880,0.16941643751909566,0.0925477760160227,0.7503776623778147,0.16941643751909566,0.0925477760160227,0.7503776623778147
dinov2_multi__pcb4__fold0__k2__seed4881,dinov2_multi,pcb4,2,4881,0.1943078004216444,0.10760848414088343,0.7662187509107496,0.1943078004216444,0.10760848414088343,0.7662187509107496
dinov2_multi__pcb4__fold0__k2__seed4882,dinov2_multi,pcb4,2,4882,0.18801045409996733,0.10375912737762553,0.7658126721351814,0.18801045409996733,0.10375912737762553,0.7658126721351814
dinov2_multi__pcb4__fold0__k2__seed4883,dinov2_multi,pcb4,2,4883,0.1491326486579788,0.0805744661009046,0.7708568816782211,0.1491326486579788,0.0805744661009046,0.7708568816782211
dinov2_multi__pcb4__fold0__k2__seed4884,dinov2_multi,pcb4,2,4884,0.17827868852459014,0.09786276715410573,0.7486321069956292,0.17827868852459014,0.09786276715410573,0.7486321069956292
dinov2_multi__pcb4__fold0__k4__seed4880,dinov2_multi,pcb4,4,4880,0.1660485502360081,0.09054141005607133,0.7349589699751711,0.1660485502360081,0.09054141005607133,0.7349589699751711
dinov2_multi__pcb4__fold0__k4__seed4881,dinov2_multi,pcb4,4,4881,0.18489392831016824,0.1018639798488665,0.7503784255738828,0.18489392831016824,0.1018639798488665,0.7503784255738828
dinov2_multi__pcb4__fold0__k4__seed4882,dinov2_multi,pcb4,4,4882,0.19589308996088656,0.10858175248419151,0.7348933793502311,0.19589308996088656,0.10858175248419151,0.7348933793502311
dinov2_multi__pcb4__fold0__k4__seed4883,dinov2_multi,pcb4,4,4883,0.1656308266003729,0.09029307131966796,0.7399215730319051,0.1656308266003729,0.09029307131966796,0.7399215730319051
dinov2_multi__pcb4__fold0__k4__seed4884,dinov2_multi,pcb4,4,4884,0.20131452625360016,0.11192314008868451,0.7366463169601332,0.20131452625360016,0.11192314008868451,0.7366463169601332
